Battle,(20/0),(19/0),(18/0),(17/0),(16/0),(15/0),(14/0),(13/0),(12/0),(11/0),(10/0),(9/0),(8/0),(7/0),(6/0),(5/0),(4/0),(3/0),(2/0),(1/1),(1/2),(1/3),(1/4),(1/5),(1/6),(1/7),(1/8),(1/9),(1/10),(1/11),(1/12),(1/13),(1/14),(1/15),(1/16),(1/17),(1/18),(1/19),(1/20),Win
(20/20),0.000,0.000,0.001,0.002,0.005,0.009,0.014,0.020,0.028,0.035,0.044,0.050,0.057,0.060,0.065,0.063,0.065,0.041,0.020,0.028,0.051,0.053,0.047,0.047,0.040,0.038,0.030,0.026,0.019,0.016,0.011,0.008,0.005,0.003,0.001,0.001,0.000,0.000,0.000,0.577
(20/19),0.000,0.000,0.001,0.003,0.007,0.011,0.018,0.025,0.033,0.042,0.049,0.057,0.061,0.066,0.065,0.067,0.062,0.039,0.020,0.028,0.053,0.047,0.047,0.040,0.038,0.030,0.026,0.019,0.016,0.011,0.008,0.005,0.003,0.001,0.001,0.000,0.000,0.000,0.000,0.628
(20/18),0.000,0.001,0.002,0.005,0.009,0.015,0.023,0.031,0.041,0.049,0.057,0.061,0.067,0.067,0.069,0.064,0.063,0.039,0.019,0.026,0.047,0.047,0.040,0.038,0.030,0.026,0.019,0.016,0.011,0.008,0.005,0.003,0.001,0.001,0.000,0.000,0.000,0.000,0.000,0.683
(20/17),0.000,0.001,0.003,0.007,0.013,0.020,0.029,0.039,0.048,0.057,0.062,0.069,0.069,0.071,0.066,0.066,0.058,0.036,0.018,0.025,0.047,0.040,0.038,0.030,0.026,0.019,0.016,0.011,0.008,0.005,0.003,0.001,0.001,0.000,0.000,0.000,0.000,0.000,0.000,0.731
(20/16),0.000,0.002,0.005,0.010,0.017,0.026,0.036,0.046,0.057,0.063,0.070,0.071,0.074,0.069,0.068,0.060,0.057,0.034,0.016,0.022,0.040,0.038,0.030,0.026,0.019,0.016,0.011,0.008,0.005,0.003,0.001,0.001,0.000,0.000,0.000,0.000,0.000,0.000,0.000,0.781
(20/15),0.001,0.003,0.007,0.013,0.023,0.033,0.044,0.056,0.063,0.072,0.073,0.077,0.072,0.071,0.062,0.059,0.049,0.030,0.015,0.020,0.038,0.030,0.026,0.019,0.016,0.011,0.008,0.005,0.003,0.001,0.001,0.000,0.000,0.000,0.000,0.000,0.000,0.000,0.000,0.822
(20/14),0.001,0.004,0.010,0.019,0.030,0.042,0.054,0.064,0.073,0.076,0.080,0.075,0.074,0.065,0.061,0.050,0.046,0.027,0.012,0.017,0.030,0.026,0.019,0.016,0.011,0.008,0.005,0.003,0.001,0.001,0.000,0.000,0.000,0.000,0.000,0.000,0.000,0.000,0.000,0.863
(20/13),0.002,0.006,0.014,0.025,0.039,0.052,0.064,0.075,0.078,0.083,0.078,0.078,0.068,0.064,0.052,0.047,0.037,0.022,0.011,0.015,0.026,0.019,0.016,0.011,0.008,0.005,0.003,0.001,0.001,0.000,0.000,0.000,0.000,0.000,0.000,0.000,0.000,0.000,0.000,0.895
(20/12),0.003,0.009,0.020,0.034,0.049,0.063,0.076,0.081,0.087,0.082,0.082,0.071,0.067,0.054,0.049,0.038,0.033,0.018,0.008,0.012,0.019,0.016,0.011,0.008,0.005,0.003,0.001,0.001,0.000,0.000,0.000,0.000,0.000,0.000,0.000,0.000,0.000,0.000,0.000,0.925
(20/11),0.005,0.013,0.029,0.045,0.062,0.077,0.084,0.091,0.087,0.087,0.075,0.070,0.056,0.050,0.038,0.033,0.024,0.014,0.007,0.009,0.016,0.011,0.008,0.005,0.003,0.001,0.001,0.000,0.000,0.000,0.000,0.000,0.000,0.000,0.000,0.000,0.000,0.000,0.000,0.946
(20/10),0.007,0.021,0.039,0.059,0.077,0.087,0.096,0.092,0.092,0.079,0.074,0.059,0.052,0.039,0.033,0.024,0.020,0.010,0.005,0.007,0.011,0.008,0.005,0.003,0.001,0.001,0.000,0.000,0.000,0.000,0.000,0.000,0.000,0.000,0.000,0.000,0.000,0.000,0.000,0.965
(20/9),0.013,0.030,0.054,0.075,0.090,0.101,0.099,0.098,0.085,0.078,0.061,0.054,0.040,0.033,0.023,0.019,0.013,0.007,0.003,0.005,0.008,0.005,0.003,0.001,0.001,0.000,0.000,0.000,0.000,0.000,0.000,0.000,0.000,0.000,0.000,0.000,0.000,0.000,0.000,0.978
(20/8),0.019,0.045,0.073,0.093,0.108,0.106,0.106,0.091,0.083,0.064,0.056,0.040,0.033,0.023,0.018,0.012,0.009,0.005,0.002,0.003,0.005,0.003,0.001,0.001,0.000,0.000,0.000,0.000,0.000,0.000,0.000,0.000,0.000,0.000,0.000,0.000,0.000,0.000,0.000,0.987
(20/7),0.034,0.063,0.095,0.114,0.116,0.116,0.098,0.089,0.068,0.057,0.041,0.033,0.022,0.017,0.011,0.009,0.005,0.003,0.001,0.002,0.003,0.001,0.001,0.000,0.000,0.000,0.000,0.000,0.000,0.000,0.000,0.000,0.000,0.000,0.000,0.000,0.000,0.000,0.000,0.993
(20/6),0.051,0.092,0.123,0.128,0.129,0.108,0.097,0.071,0.059,0.041,0.032,0.021,0.016,0.010,0.007,0.004,0.003,0.002,0.001,0.001,0.001,0.001,0.000,0.000,0.000,0.000,0.000,0.000,0.000,0.000,0.000,0.000,0.000,0.000,0.000,0.000,0.000,0.000,0.000,0.997
(20/5),0.091,0.124,0.147,0.145,0.122,0.105,0.076,0.061,0.040,0.031,0.019,0.014,0.008,0.006,0.004,0.003,0.001,0.001,0.000,0.000,0.001,0.000,0.000,0.000,0.000,0.000,0.000,0.000,0.000,0.000,0.000,0.000,0.000,0.000,0.000,0.000,0.000,0.000,0.000,0.999
(20/4),0.138,0.165,0.179,0.140,0.120,0.080,0.063,0.039,0.029,0.017,0.012,0.007,0.005,0.003,0.002,0.001,0.001,0.000,0.000,0.000,0.000,0.000,0.000,0.000,0.000,0.000,0.000,0.000,0.000,0.000,0.000,0.000,0.000,0.000,0.000,0.000,0.000,0.000,0.000,0.999
(20/3),0.245,0.208,0.175,0.132,0.085,0.061,0.035,0.024,0.013,0.009,0.005,0.003,0.002,0.001,0.001,0.000,0.000,0.000,0.000,0.000,0.000,0.000,0.000,0.000,0.000,0.000,0.000,0.000,0.000,0.000,0.000,0.000,0.000,0.000,0.000,0.000,0.000,0.000,0.000,1.000
(20/2),0.372,0.222,0.184,0.090,0.063,0.029,0.019,0.009,0.006,0.003,0.002,0.001,0.000,0.000,0.000,0.000,0.000,0.000,0.000,0.000,0.000,0.000,0.000,0.000,0.000,0.000,0.000,0.000,0.000,0.000,0.000,0.000,0.000,0.000,0.000,0.000,0.000,0.000,0.000,1.000
(20/1),0.660,0.224,0.076,0.026,0.009,0.003,0.001,0.000,0.000,0.000,0.000,0.000,0.000,0.000,0.000,0.000,0.000,0.000,0.000,0.000,0.000,0.000,0.000,0.000,0.000,0.000,0.000,0.000,0.000,0.000,0.000,0.000,0.000,0.000,0.000,0.000,0.000,0.000,0.000,1.000
(19/20),0.000,0.000,0.000,0.001,0.002,0.005,0.009,0.014,0.020,0.028,0.035,0.044,0.050,0.057,0.060,0.065,0.063,0.041,0.021,0.029,0.057,0.052,0.055,0.049,0.049,0.041,0.039,0.030,0.027,0.019,0.016,0.010,0.007,0.004,0.002,0.001,0.000,0.000,0.000,0.513
(19/19),0.000,0.000,0.000,0.001,0.003,0.007,0.011,0.018,0.025,0.033,0.042,0.049,0.057,0.061,0.066,0.065,0.067,0.043,0.020,0.029,0.052,0.055,0.049,0.049,0.041,0.039,0.030,0.027,0.019,0.016,0.010,0.007,0.004,0.002,0.001,0.000,0.000,0.000,0.000,0.570
(19/18),0.000,0.000,0.001,0.002,0.005,0.009,0.015,0.023,0.031,0.041,0.049,0.057,0.061,0.067,0.067,0.069,0.064,0.041,0.020,0.029,0.055,0.049,0.049,0.041,0.039,0.030,0.027,0.019,0.016,0.010,0.007,0.004,0.002,0.001,0.000,0.000,0.000,0.000,0.000,0.623
(19/17),0.000,0.000,0.001,0.003,0.007,0.013,0.020,0.029,0.039,0.048,0.057,0.062,0.069,0.069,0.071,0.066,0.066,0.041,0.019,0.027,0.049,0.049,0.041,0.039,0.030,0.027,0.019,0.016,0.010,0.007,0.004,0.002,0.001,0.000,0.000,0.000,0.000,0.000,0.000,0.680
(19/16),0.000,0.000,0.002,0.005,0.010,0.017,0.026,0.036,0.046,0.057,0.063,0.070,0.071,0.074,0.069,0.068,0.060,0.037,0.018,0.026,0.049,0.041,0.039,0.030,0.027,0.019,0.016,0.010,0.007,0.004,0.002,0.001,0.000,0.000,0.000,0.000,0.000,0.000,0.000,0.729
(19/15),0.000,0.001,0.003,0.007,0.013,0.023,0.033,0.044,0.056,0.063,0.072,0.073,0.077,0.072,0.071,0.062,0.059,0.035,0.016,0.023,0.041,0.039,0.030,0.027,0.019,0.016,0.010,0.007,0.004,0.002,0.001,0.000,0.000,0.000,0.000,0.000,0.000,0.000,0.000,0.781
(19/14),0.000,0.001,0.004,0.010,0.019,0.030,0.042,0.054,0.064,0.073,0.076,0.080,0.075,0.074,0.065,0.061,0.050,0.031,0.015,0.021,0.039,0.030,0.027,0.019,0.016,0.010,0.007,0.004,0.002,0.001,0.000,0.000,0.000,0.000,0.000,0.000,0.000,0.000,0.000,0.824
(19/13),0.000,0.002,0.006,0.014,0.025,0.039,0.052,0.064,0.075,0.078,0.083,0.078,0.078,0.068,0.064,0.052,0.047,0.027,0.013,0.018,0.030,0.027,0.019,0.016,0.010,0.007,0.004,0.002,0.001,0.000,0.000,0.000,0.000,0.000,0.000,0.000,0.000,0.000,0.000,0.865
(19/12),0.000,0.003,0.009,0.020,0.034,0.049,0.063,0.076,0.081,0.087,0.082,0.082,0.071,0.067,0.054,0.049,0.038,0.022,0.011,0.015,0.027,0.019,0.016,0.010,0.007,0.004,0.002,0.001,0.000,0.000,0.000,0.000,0.000,0.000,0.000,0.000,0.000,0.000,0.000,0.898
(19/11),0.000,0.005,0.013,0.029,0.045,0.062,0.077,0.084,0.091,0.087,0.087,0.075,0.070,0.056,0.050,0.038,0.033,0.018,0.008,0.012,0.019,0.016,0.010,0.007,0.004,0.002,0.001,0.000,0.000,0.000,0.000,0.000,0.000,0.000,0.000,0.000,0.000,0.000,0.000,0.928
(19/10),0.000,0.007,0.021,0.039,0.059,0.077,0.087,0.096,0.092,0.092,0.079,0.074,0.059,0.052,0.039,0.033,0.024,0.014,0.006,0.009,0.016,0.010,0.007,0.004,0.002,0.001,0.000,0.000,0.000,0.000,0.000,0.000,0.000,0.000,0.000,0.000,0.000,0.000,0.000,0.950
(19/9),0.000,0.013,0.030,0.054,0.075,0.090,0.101,0.099,0.098,0.085,0.078,0.061,0.054,0.040,0.033,0.023,0.019,0.010,0.004,0.006,0.010,0.007,0.004,0.002,0.001,0.000,0.000,0.000,0.000,0.000,0.000,0.000,0.000,0.000,0.000,0.000,0.000,0.000,0.000,0.969
(19/8),0.000,0.019,0.045,0.073,0.093,0.108,0.106,0.106,0.091,0.083,0.064,0.056,0.040,0.033,0.023,0.018,0.012,0.007,0.003,0.004,0.007,0.004,0.002,0.001,0.000,0.000,0.000,0.000,0.000,0.000,0.000,0.000,0.000,0.000,0.000,0.000,0.000,0.000,0.000,0.981
(19/7),0.000,0.034,0.063,0.095,0.114,0.116,0.116,0.098,0.089,0.068,0.057,0.041,0.033,0.022,0.017,0.011,0.009,0.004,0.002,0.003,0.004,0.002,0.001,0.000,0.000,0.000,0.000,0.000,0.000,0.000,0.000,0.000,0.000,0.000,0.000,0.000,0.000,0.000,0.000,0.989
(19/6),0.000,0.051,0.092,0.123,0.128,0.129,0.108,0.097,0.071,0.059,0.041,0.032,0.021,0.016,0.010,0.007,0.004,0.002,0.001,0.001,0.002,0.001,0.000,0.000,0.000,0.000,0.000,0.000,0.000,0.000,0.000,0.000,0.000,0.000,0.000,0.000,0.000,0.000,0.000,0.995
(19/5),0.000,0.091,0.124,0.147,0.145,0.122,0.105,0.076,0.061,0.040,0.031,0.019,0.014,0.008,0.006,0.004,0.003,0.001,0.001,0.001,0.001,0.000,0.000,0.000,0.000,0.000,0.000,0.000,0.000,0.000,0.000,0.000,0.000,0.000,0.000,0.000,0.000,0.000,0.000,0.998
(19/4),0.000,0.138,0.165,0.179,0.140,0.120,0.080,0.063,0.039,0.029,0.017,0.012,0.007,0.005,0.003,0.002,0.001,0.001,0.000,0.000,0.000,0.000,0.000,0.000,0.000,0.000,0.000,0.000,0.000,0.000,0.000,0.000,0.000,0.000,0.000,0.000,0.000,0.000,0.000,0.999
(19/3),0.000,0.245,0.208,0.175,0.132,0.085,0.061,0.035,0.024,0.013,0.009,0.005,0.003,0.002,0.001,0.001,0.000,0.000,0.000,0.000,0.000,0.000,0.000,0.000,0.000,0.000,0.000,0.000,0.000,0.000,0.000,0.000,0.000,0.000,0.000,0.000,0.000,0.000,0.000,1.000
(19/2),0.000,0.372,0.222,0.184,0.090,0.063,0.029,0.019,0.009,0.006,0.003,0.002,0.001,0.000,0.000,0.000,0.000,0.000,0.000,0.000,0.000,0.000,0.000,0.000,0.000,0.000,0.000,0.000,0.000,0.000,0.000,0.000,0.000,0.000,0.000,0.000,0.000,0.000,0.000,1.000
(19/1),0.000,0.660,0.224,0.076,0.026,0.009,0.003,0.001,0.000,0.000,0.000,0.000,0.000,0.000,0.000,0.000,0.000,0.000,0.000,0.000,0.000,0.000,0.000,0.000,0.000,0.000,0.000,0.000,0.000,0.000,0.000,0.000,0.000,0.000,0.000,0.000,0.000,0.000,0.000,1.000
(18/20),0.000,0.000,0.000,0.000,0.001,0.002,0.005,0.009,0.014,0.020,0.028,0.035,0.044,0.050,0.057,0.060,0.065,0.042,0.020,0.029,0.054,0.059,0.054,0.057,0.050,0.050,0.042,0.040,0.031,0.027,0.019,0.015,0.009,0.006,0.003,0.002,0.001,0.000,0.000,0.451
(18/19),0.000,0.000,0.000,0.000,0.001,0.003,0.007,0.011,0.018,0.025,0.033,0.042,0.049,0.057,0.061,0.066,0.065,0.042,0.021,0.030,0.059,0.054,0.057,0.050,0.050,0.042,0.040,0.031,0.027,0.019,0.015,0.009,0.006,0.003,0.002,0.001,0.000,0.000,0.000,0.504
(18/18),0.000,0.000,0.000,0.001,0.002,0.005,0.009,0.015,0.023,0.031,0.041,0.049,0.057,0.061,0.067,0.067,0.069,0.044,0.021,0.030,0.054,0.057,0.050,0.050,0.042,0.040,0.031,0.027,0.019,0.015,0.009,0.006,0.003,0.002,0.001,0.000,0.000,0.000,0.000,0.563
(18/17),0.000,0.000,0.000,0.001,0.003,0.007,0.013,0.020,0.029,0.039,0.048,0.057,0.062,0.069,0.069,0.071,0.066,0.042,0.021,0.030,0.057,0.050,0.050,0.042,0.040,0.031,0.027,0.019,0.015,0.009,0.006,0.003,0.002,0.001,0.000,0.000,0.000,0.000,0.000,0.617
(18/16),0.000,0.000,0.000,0.002,0.005,0.010,0.017,0.026,0.036,0.046,0.057,0.063,0.070,0.071,0.074,0.069,0.068,0.042,0.020,0.028,0.050,0.050,0.042,0.040,0.031,0.027,0.019,0.015,0.009,0.006,0.003,0.002,0.001,0.000,0.000,0.000,0.000,0.000,0.000,0.676
(18/15),0.000,0.000,0.001,0.003,0.007,0.013,0.023,0.033,0.044,0.056,0.063,0.072,0.073,0.077,0.072,0.071,0.062,0.039,0.019,0.027,0.050,0.042,0.040,0.031,0.027,0.019,0.015,0.009,0.006,0.003,0.002,0.001,0.000,0.000,0.000,0.000,0.000,0.000,0.000,0.728
(18/14),0.000,0.000,0.001,0.004,0.010,0.019,0.030,0.042,0.054,0.064,0.073,0.076,0.080,0.075,0.074,0.065,0.061,0.036,0.017,0.024,0.042,0.040,0.031,0.027,0.019,0.015,0.009,0.006,0.003,0.002,0.001,0.000,0.000,0.000,0.000,0.000,0.000,0.000,0.000,0.781
(18/13),0.000,0.000,0.002,0.006,0.014,0.025,0.039,0.052,0.064,0.075,0.078,0.083,0.078,0.078,0.068,0.064,0.052,0.032,0.015,0.022,0.040,0.031,0.027,0.019,0.015,0.009,0.006,0.003,0.002,0.001,0.000,0.000,0.000,0.000,0.000,0.000,0.000,0.000,0.000,0.826
(18/12),0.000,0.000,0.003,0.009,0.020,0.034,0.049,0.063,0.076,0.081,0.087,0.082,0.082,0.071,0.067,0.054,0.049,0.028,0.013,0.018,0.031,0.027,0.019,0.015,0.009,0.006,0.003,0.002,0.001,0.000,0.000,0.000,0.000,0.000,0.000,0.000,0.000,0.000,0.000,0.869
(18/11),0.000,0.000,0.005,0.013,0.029,0.045,0.062,0.077,0.084,0.091,0.087,0.087,0.075,0.070,0.056,0.050,0.038,0.023,0.011,0.015,0.027,0.019,0.015,0.009,0.006,0.003,0.002,0.001,0.000,0.000,0.000,0.000,0.000,0.000,0.000,0.000,0.000,0.000,0.000,0.902
(18/10),0.000,0.000,0.007,0.021,0.039,0.059,0.077,0.087,0.096,0.092,0.092,0.079,0.074,0.059,0.052,0.039,0.033,0.018,0.008,0.011,0.019,0.015,0.009,0.006,0.003,0.002,0.001,0.000,0.000,0.000,0.000,0.000,0.000,0.000,0.000,0.000,0.000,0.000,0.000,0.933
(18/9),0.000,0.000,0.013,0.030,0.054,0.075,0.090,0.101,0.099,0.098,0.085,0.078,0.061,0.054,0.040,0.033,0.023,0.013,0.006,0.009,0.015,0.009,0.006,0.003,0.002,0.001,0.000,0.000,0.000,0.000,0.000,0.000,0.000,0.000,0.000,0.000,0.000,0.000,0.000,0.955
(18/8),0.000,0.000,0.019,0.045,0.073,0.093,0.108,0.106,0.106,0.091,0.083,0.064,0.056,0.040,0.033,0.023,0.018,0.009,0.004,0.006,0.009,0.006,0.003,0.002,0.001,0.000,0.000,0.000,0.000,0.000,0.000,0.000,0.000,0.000,0.000,0.000,0.000,0.000,0.000,0.972
(18/7),0.000,0.000,0.034,0.063,0.095,0.114,0.116,0.116,0.098,0.089,0.068,0.057,0.041,0.033,0.022,0.017,0.011,0.006,0.003,0.004,0.006,0.003,0.002,0.001,0.000,0.000,0.000,0.000,0.000,0.000,0.000,0.000,0.000,0.000,0.000,0.000,0.000,0.000,0.000,0.984
(18/6),0.000,0.000,0.051,0.092,0.123,0.128,0.129,0.108,0.097,0.071,0.059,0.041,0.032,0.021,0.016,0.010,0.007,0.004,0.002,0.002,0.003,0.002,0.001,0.000,0.000,0.000,0.000,0.000,0.000,0.000,0.000,0.000,0.000,0.000,0.000,0.000,0.000,0.000,0.000,0.992
(18/5),0.000,0.000,0.091,0.124,0.147,0.145,0.122,0.105,0.076,0.061,0.040,0.031,0.019,0.014,0.008,0.006,0.004,0.002,0.001,0.001,0.002,0.001,0.000,0.000,0.000,0.000,0.000,0.000,0.000,0.000,0.000,0.000,0.000,0.000,0.000,0.000,0.000,0.000,0.000,0.996
(18/4),0.000,0.000,0.138,0.165,0.179,0.140,0.120,0.080,0.063,0.039,0.029,0.017,0.012,0.007,0.005,0.003,0.002,0.001,0.000,0.000,0.001,0.000,0.000,0.000,0.000,0.000,0.000,0.000,0.000,0.000,0.000,0.000,0.000,0.000,0.000,0.000,0.000,0.000,0.000,0.999
(18/3),0.000,0.000,0.245,0.208,0.175,0.132,0.085,0.061,0.035,0.024,0.013,0.009,0.005,0.003,0.002,0.001,0.001,0.000,0.000,0.000,0.000,0.000,0.000,0.000,0.000,0.000,0.000,0.000,0.000,0.000,0.000,0.000,0.000,0.000,0.000,0.000,0.000,0.000,0.000,1.000
(18/2),0.000,0.000,0.372,0.222,0.184,0.090,0.063,0.029,0.019,0.009,0.006,0.003,0.002,0.001,0.000,0.000,0.000,0.000,0.000,0.000,0.000,0.000,0.000,0.000,0.000,0.000,0.000,0.000,0.000,0.000,0.000,0.000,0.000,0.000,0.000,0.000,0.000,0.000,0.000,1.000
(18/1),0.000,0.000,0.660,0.224,0.076,0.026,0.009,0.003,0.001,0.000,0.000,0.000,0.000,0.000,0.000,0.000,0.000,0.000,0.000,0.000,0.000,0.000,0.000,0.000,0.000,0.000,0.000,0.000,0.000,0.000,0.000,0.000,0.000,0.000,0.000,0.000,0.000,0.000,0.000,1.000
(17/20),0.000,0.000,0.000,0.000,0.000,0.001,0.002,0.005,0.009,0.014,0.020,0.028,0.035,0.044,0.050,0.057,0.060,0.040,0.020,0.029,0.057,0.055,0.061,0.056,0.059,0.053,0.052,0.044,0.041,0.031,0.027,0.019,0.014,0.008,0.005,0.003,0.001,0.000,0.000,0.384
(17/19),0.000,0.000,0.000,0.000,0.000,0.001,0.003,0.007,0.011,0.018,0.025,0.033,0.042,0.049,0.057,0.061,0.066,0.043,0.021,0.029,0.055,0.061,0.056,0.059,0.053,0.052,0.044,0.041,0.031,0.027,0.019,0.014,0.008,0.005,0.003,0.001,0.000,0.000,0.000,0.440
(17/18),0.000,0.000,0.000,0.000,0.001,0.002,0.005,0.009,0.015,0.023,0.031,0.041,0.049,0.057,0.061,0.067,0.067,0.043,0.022,0.031,0.061,0.056,0.059,0.053,0.052,0.044,0.041,0.031,0.027,0.019,0.014,0.008,0.005,0.003,0.001,0.000,0.000,0.000,0.000,0.494
(17/17),0.000,0.000,0.000,0.000,0.001,0.003,0.007,0.013,0.020,0.029,0.039,0.048,0.057,0.062,0.069,0.069,0.071,0.046,0.022,0.031,0.056,0.059,0.053,0.052,0.044,0.041,0.031,0.027,0.019,0.014,0.008,0.005,0.003,0.001,0.000,0.000,0.000,0.000,0.000,0.555
(17/16),0.000,0.000,0.000,0.000,0.002,0.005,0.010,0.017,0.026,0.036,0.046,0.057,0.063,0.070,0.071,0.074,0.069,0.044,0.022,0.031,0.059,0.053,0.052,0.044,0.041,0.031,0.027,0.019,0.014,0.008,0.005,0.003,0.001,0.000,0.000,0.000,0.000,0.000,0.000,0.611
(17/15),0.000,0.000,0.000,0.001,0.003,0.007,0.013,0.023,0.033,0.044,0.056,0.063,0.072,0.073,0.077,0.072,0.071,0.044,0.021,0.029,0.053,0.052,0.044,0.041,0.031,0.027,0.019,0.014,0.008,0.005,0.003,0.001,0.000,0.000,0.000,0.000,0.000,0.000,0.000,0.672
(17/14),0.000,0.000,0.000,0.001,0.004,0.010,0.019,0.030,0.042,0.054,0.064,0.073,0.076,0.080,0.075,0.074,0.065,0.040,0.020,0.028,0.052,0.044,0.041,0.031,0.027,0.019,0.014,0.008,0.005,0.003,0.001,0.000,0.000,0.000,0.000,0.000,0.000,0.000,0.000,0.726
(17/13),0.000,0.000,0.000,0.002,0.006,0.014,0.025,0.039,0.052,0.064,0.075,0.078,0.083,0.078,0.078,0.068,0.064,0.038,0.018,0.025,0.044,0.041,0.031,0.027,0.019,0.014,0.008,0.005,0.003,0.001,0.000,0.000,0.000,0.000,0.000,0.000,0.000,0.000,0.000,0.782
(17/12),0.000,0.000,0.000,0.003,0.009,0.020,0.034,0.049,0.063,0.076,0.081,0.087,0.082,0.082,0.071,0.067,0.054,0.033,0.016,0.022,0.041,0.031,0.027,0.019,0.014,0.008,0.005,0.003,0.001,0.000,0.000,0.000,0.000,0.000,0.000,0.000,0.000,0.000,0.000,0.828
(17/11),0.000,0.000,0.000,0.005,0.013,0.029,0.045,0.062,0.077,0.084,0.091,0.087,0.087,0.075,0.070,0.056,0.050,0.029,0.013,0.018,0.031,0.027,0.019,0.014,0.008,0.005,0.003,0.001,0.000,0.000,0.000,0.000,0.000,0.000,0.000,0.000,0.000,0.000,0.000,0.872
(17/10),0.000,0.000,0.000,0.007,0.021,0.039,0.059,0.077,0.087,0.096,0.092,0.092,0.079,0.074,0.059,0.052,0.039,0.023,0.011,0.015,0.027,0.019,0.014,0.008,0.005,0.003,0.001,0.000,0.000,0.000,0.000,0.000,0.000,0.000,0.000,0.000,0.000,0.000,0.000,0.907
(17/9),0.000,0.000,0.000,0.013,0.030,0.054,0.075,0.090,0.101,0.099,0.098,0.085,0.078,0.061,0.054,0.040,0.033,0.018,0.008,0.011,0.019,0.014,0.008,0.005,0.003,0.001,0.000,0.000,0.000,0.000,0.000,0.000,0.000,0.000,0.000,0.000,0.000,0.000,0.000,0.938
(17/8),0.000,0.000,0.000,0.019,0.045,0.073,0.093,0.108,0.106,0.106,0.091,0.083,0.064,0.056,0.040,0.033,0.023,0.013,0.006,0.008,0.014,0.008,0.005,0.003,0.001,0.000,0.000,0.000,0.000,0.000,0.000,0.000,0.000,0.000,0.000,0.000,0.000,0.000,0.000,0.959
(17/7),0.000,0.000,0.000,0.034,0.063,0.095,0.114,0.116,0.116,0.098,0.089,0.068,0.057,0.041,0.033,0.022,0.017,0.009,0.004,0.005,0.008,0.005,0.003,0.001,0.000,0.000,0.000,0.000,0.000,0.000,0.000,0.000,0.000,0.000,0.000,0.000,0.000,0.000,0.000,0.976
(17/6),0.000,0.000,0.000,0.051,0.092,0.123,0.128,0.129,0.108,0.097,0.071,0.059,0.041,0.032,0.021,0.016,0.010,0.005,0.002,0.003,0.005,0.003,0.001,0.000,0.000,0.000,0.000,0.000,0.000,0.000,0.000,0.000,0.000,0.000,0.000,0.000,0.000,0.000,0.000,0.987
(17/5),0.000,0.000,0.000,0.091,0.124,0.147,0.145,0.122,0.105,0.076,0.061,0.040,0.031,0.019,0.014,0.008,0.006,0.003,0.001,0.002,0.003,0.001,0.000,0.000,0.000,0.000,0.000,0.000,0.000,0.000,0.000,0.000,0.000,0.000,0.000,0.000,0.000,0.000,0.000,0.994
(17/4),0.000,0.000,0.000,0.138,0.165,0.179,0.140,0.120,0.080,0.063,0.039,0.029,0.017,0.012,0.007,0.005,0.003,0.001,0.001,0.001,0.001,0.000,0.000,0.000,0.000,0.000,0.000,0.000,0.000,0.000,0.000,0.000,0.000,0.000,0.000,0.000,0.000,0.000,0.000,0.998
(17/3),0.000,0.000,0.000,0.245,0.208,0.175,0.132,0.085,0.061,0.035,0.024,0.013,0.009,0.005,0.003,0.002,0.001,0.000,0.000,0.000,0.000,0.000,0.000,0.000,0.000,0.000,0.000,0.000,0.000,0.000,0.000,0.000,0.000,0.000,0.000,0.000,0.000,0.000,0.000,0.999
(17/2),0.000,0.000,0.000,0.372,0.222,0.184,0.090,0.063,0.029,0.019,0.009,0.006,0.003,0.002,0.001,0.000,0.000,0.000,0.000,0.000,0.000,0.000,0.000,0.000,0.000,0.000,0.000,0.000,0.000,0.000,0.000,0.000,0.000,0.000,0.000,0.000,0.000,0.000,0.000,1.000
(17/1),0.000,0.000,0.000,0.660,0.224,0.076,0.026,0.009,0.003,0.001,0.000,0.000,0.000,0.000,0.000,0.000,0.000,0.000,0.000,0.000,0.000,0.000,0.000,0.000,0.000,0.000,0.000,0.000,0.000,0.000,0.000,0.000,0.000,0.000,0.000,0.000,0.000,0.000,0.000,1.000
(16/20),0.000,0.000,0.000,0.000,0.000,0.000,0.001,0.002,0.005,0.009,0.014,0.020,0.028,0.035,0.044,0.050,0.057,0.039,0.019,0.027,0.051,0.059,0.057,0.063,0.059,0.062,0.055,0.055,0.045,0.042,0.032,0.027,0.018,0.013,0.007,0.004,0.002,0.001,0.000,0.323
(16/19),0.000,0.000,0.000,0.000,0.000,0.000,0.001,0.003,0.007,0.011,0.018,0.025,0.033,0.042,0.049,0.057,0.061,0.040,0.021,0.029,0.059,0.057,0.063,0.059,0.062,0.055,0.055,0.045,0.042,0.032,0.027,0.018,0.013,0.007,0.004,0.002,0.001,0.000,0.000,0.371
(16/18),0.000,0.000,0.000,0.000,0.000,0.001,0.002,0.005,0.009,0.015,0.023,0.031,0.041,0.049,0.057,0.061,0.067,0.045,0.022,0.030,0.057,0.063,0.059,0.062,0.055,0.055,0.045,0.042,0.032,0.027,0.018,0.013,0.007,0.004,0.002,0.001,0.000,0.000,0.000,0.428
(16/17),0.000,0.000,0.000,0.000,0.000,0.001,0.003,0.007,0.013,0.020,0.029,0.039,0.048,0.057,0.062,0.069,0.069,0.045,0.023,0.032,0.063,0.059,0.062,0.055,0.055,0.045,0.042,0.032,0.027,0.018,0.013,0.007,0.004,0.002,0.001,0.000,0.000,0.000,0.000,0.484
(16/16),0.000,0.000,0.000,0.000,0.000,0.002,0.005,0.010,0.017,0.026,0.036,0.046,0.057,0.063,0.070,0.071,0.074,0.047,0.023,0.032,0.059,0.062,0.055,0.055,0.045,0.042,0.032,0.027,0.018,0.013,0.007,0.004,0.002,0.001,0.000,0.000,0.000,0.000,0.000,0.547
(16/15),0.000,0.000,0.000,0.000,0.001,0.003,0.007,0.013,0.023,0.033,0.044,0.056,0.063,0.072,0.073,0.077,0.072,0.046,0.023,0.032,0.062,0.055,0.055,0.045,0.042,0.032,0.027,0.018,0.013,0.007,0.004,0.002,0.001,0.000,0.000,0.000,0.000,0.000,0.000,0.605
(16/14),0.000,0.000,0.000,0.000,0.001,0.004,0.010,0.019,0.030,0.042,0.054,0.064,0.073,0.076,0.080,0.075,0.074,0.046,0.022,0.030,0.055,0.055,0.045,0.042,0.032,0.027,0.018,0.013,0.007,0.004,0.002,0.001,0.000,0.000,0.000,0.000,0.000,0.000,0.000,0.669
(16/13),0.000,0.000,0.000,0.000,0.002,0.006,0.014,0.025,0.039,0.052,0.064,0.075,0.078,0.083,0.078,0.078,0.068,0.042,0.021,0.029,0.055,0.045,0.042,0.032,0.027,0.018,0.013,0.007,0.004,0.002,0.001,0.000,0.000,0.000,0.000,0.000,0.000,0.000,0.000,0.725
(16/12),0.000,0.000,0.000,0.000,0.003,0.009,0.020,0.034,0.049,0.063,0.076,0.081,0.087,0.082,0.082,0.071,0.067,0.039,0.018,0.026,0.045,0.042,0.032,0.027,0.018,0.013,0.007,0.004,0.002,0.001,0.000,0.000,0.000,0.000,0.000,0.000,0.000,0.000,0.000,0.783
(16/11),0.000,0.000,0.000,0.000,0.005,0.013,0.029,0.045,0.062,0.077,0.084,0.091,0.087,0.087,0.075,0.070,0.056,0.034,0.016,0.023,0.042,0.032,0.027,0.018,0.013,0.007,0.004,0.002,0.001,0.000,0.000,0.000,0.000,0.000,0.000,0.000,0.000,0.000,0.000,0.831
(16/10),0.000,0.000,0.000,0.000,0.007,0.021,0.039,0.059,0.077,0.087,0.096,0.092,0.092,0.079,0.074,0.059,0.052,0.029,0.013,0.019,0.032,0.027,0.018,0.013,0.007,0.004,0.002,0.001,0.000,0.000,0.000,0.000,0.000,0.000,0.000,0.000,0.000,0.000,0.000,0.877
(16/9),0.000,0.000,0.000,0.000,0.013,0.030,0.054,0.075,0.090,0.101,0.099,0.098,0.085,0.078,0.061,0.054,0.040,0.023,0.011,0.015,0.027,0.018,0.013,0.007,0.004,0.002,0.001,0.000,0.000,0.000,0.000,0.000,0.000,0.000,0.000,0.000,0.000,0.000,0.000,0.912
(16/8),0.000,0.000,0.000,0.000,0.019,0.045,0.073,0.093,0.108,0.106,0.106,0.091,0.083,0.064,0.056,0.040,0.033,0.018,0.008,0.011,0.018,0.013,0.007,0.004,0.002,0.001,0.000,0.000,0.000,0.000,0.000,0.000,0.000,0.000,0.000,0.000,0.000,0.000,0.000,0.943
(16/7),0.000,0.000,0.000,0.000,0.034,0.063,0.095,0.114,0.116,0.116,0.098,0.089,0.068,0.057,0.041,0.033,0.022,0.012,0.006,0.008,0.013,0.007,0.004,0.002,0.001,0.000,0.000,0.000,0.000,0.000,0.000,0.000,0.000,0.000,0.000,0.000,0.000,0.000,0.000,0.964
(16/6),0.000,0.000,0.000,0.000,0.051,0.092,0.123,0.128,0.129,0.108,0.097,0.071,0.059,0.041,0.032,0.021,0.016,0.008,0.003,0.005,0.007,0.004,0.002,0.001,0.000,0.000,0.000,0.000,0.000,0.000,0.000,0.000,0.000,0.000,0.000,0.000,0.000,0.000,0.000,0.981
(16/5),0.000,0.000,0.000,0.000,0.091,0.124,0.147,0.145,0.122,0.105,0.076,0.061,0.040,0.031,0.019,0.014,0.008,0.005,0.002,0.003,0.004,0.002,0.001,0.000,0.000,0.000,0.000,0.000,0.000,0.000,0.000,0.000,0.000,0.000,0.000,0.000,0.000,0.000,0.000,0.990
(16/4),0.000,0.000,0.000,0.000,0.138,0.165,0.179,0.140,0.120,0.080,0.063,0.039,0.029,0.017,0.012,0.007,0.005,0.002,0.001,0.001,0.002,0.001,0.000,0.000,0.000,0.000,0.000,0.000,0.000,0.000,0.000,0.000,0.000,0.000,0.000,0.000,0.000,0.000,0.000,0.996
(16/3),0.000,0.000,0.000,0.000,0.245,0.208,0.175,0.132,0.085,0.061,0.035,0.024,0.013,0.009,0.005,0.003,0.002,0.001,0.000,0.000,0.001,0.000,0.000,0.000,0.000,0.000,0.000,0.000,0.000,0.000,0.000,0.000,0.000,0.000,0.000,0.000,0.000,0.000,0.000,0.999
(16/2),0.000,0.000,0.000,0.000,0.372,0.222,0.184,0.090,0.063,0.029,0.019,0.009,0.006,0.003,0.002,0.001,0.000,0.000,0.000,0.000,0.000,0.000,0.000,0.000,0.000,0.000,0.000,0.000,0.000,0.000,0.000,0.000,0.000,0.000,0.000,0.000,0.000,0.000,0.000,1.000
(16/1),0.000,0.000,0.000,0.000,0.660,0.224,0.076,0.026,0.009,0.003,0.001,0.000,0.000,0.000,0.000,0.000,0.000,0.000,0.000,0.000,0.000,0.000,0.000,0.000,0.000,0.000,0.000,0.000,0.000,0.000,0.000,0.000,0.000,0.000,0.000,0.000,0.000,0.000,0.000,1.000
(15/20),0.000,0.000,0.000,0.000,0.000,0.000,0.000,0.001,0.002,0.005,0.009,0.014,0.020,0.028,0.035,0.044,0.050,0.034,0.018,0.025,0.051,0.052,0.060,0.059,0.065,0.061,0.065,0.057,0.057,0.047,0.043,0.032,0.026,0.017,0.012,0.006,0.003,0.001,0.000,0.259
(15/19),0.000,0.000,0.000,0.000,0.000,0.000,0.000,0.001,0.003,0.007,0.011,0.018,0.025,0.033,0.042,0.049,0.057,0.039,0.019,0.027,0.052,0.060,0.059,0.065,0.061,0.065,0.057,0.057,0.047,0.043,0.032,0.026,0.017,0.012,0.006,0.003,0.001,0.000,0.000,0.308
(15/18),0.000,0.000,0.000,0.000,0.000,0.000,0.001,0.002,0.005,0.009,0.015,0.023,0.031,0.041,0.049,0.057,0.061,0.041,0.021,0.030,0.060,0.059,0.065,0.061,0.065,0.057,0.057,0.047,0.043,0.032,0.026,0.017,0.012,0.006,0.003,0.001,0.000,0.000,0.000,0.357
(15/17),0.000,0.000,0.000,0.000,0.000,0.000,0.001,0.003,0.007,0.013,0.020,0.029,0.039,0.048,0.057,0.062,0.069,0.046,0.022,0.031,0.059,0.065,0.061,0.065,0.057,0.057,0.047,0.043,0.032,0.026,0.017,0.012,0.006,0.003,0.001,0.000,0.000,0.000,0.000,0.416
(15/16),0.000,0.000,0.000,0.000,0.000,0.000,0.002,0.005,0.010,0.017,0.026,0.036,0.046,0.057,0.063,0.070,0.071,0.046,0.024,0.033,0.065,0.061,0.065,0.057,0.057,0.047,0.043,0.032,0.026,0.017,0.012,0.006,0.003,0.001,0.000,0.000,0.000,0.000,0.000,0.473
(15/15),0.000,0.000,0.000,0.000,0.000,0.001,0.003,0.007,0.013,0.023,0.033,0.044,0.056,0.063,0.072,0.073,0.077,0.049,0.024,0.033,0.061,0.065,0.057,0.057,0.047,0.043,0.032,0.026,0.017,0.012,0.006,0.003,0.001,0.000,0.000,0.000,0.000,0.000,0.000,0.538
(15/14),0.000,0.000,0.000,0.000,0.000,0.001,0.004,0.010,0.019,0.030,0.042,0.054,0.064,0.073,0.076,0.080,0.075,0.048,0.024,0.034,0.065,0.057,0.057,0.047,0.043,0.032,0.026,0.017,0.012,0.006,0.003,0.001,0.000,0.000,0.000,0.000,0.000,0.000,0.000,0.599
(15/13),0.000,0.000,0.000,0.000,0.000,0.002,0.006,0.014,0.025,0.039,0.052,0.064,0.075,0.078,0.083,0.078,0.078,0.048,0.023,0.032,0.057,0.057,0.047,0.043,0.032,0.026,0.017,0.012,0.006,0.003,0.001,0.000,0.000,0.000,0.000,0.000,0.000,0.000,0.000,0.665
(15/12),0.000,0.000,0.000,0.000,0.000,0.003,0.009,0.020,0.034,0.049,0.063,0.076,0.081,0.087,0.082,0.082,0.071,0.044,0.022,0.030,0.057,0.047,0.043,0.032,0.026,0.017,0.012,0.006,0.003,0.001,0.000,0.000,0.000,0.000,0.000,0.000,0.000,0.000,0.000,0.724
(15/11),0.000,0.000,0.000,0.000,0.000,0.005,0.013,0.029,0.045,0.062,0.077,0.084,0.091,0.087,0.087,0.075,0.070,0.041,0.019,0.027,0.047,0.043,0.032,0.026,0.017,0.012,0.006,0.003,0.001,0.000,0.000,0.000,0.000,0.000,0.000,0.000,0.000,0.000,0.000,0.784
(15/10),0.000,0.000,0.000,0.000,0.000,0.007,0.021,0.039,0.059,0.077,0.087,0.096,0.092,0.092,0.079,0.074,0.059,0.035,0.017,0.024,0.043,0.032,0.026,0.017,0.012,0.006,0.003,0.001,0.000,0.000,0.000,0.000,0.000,0.000,0.000,0.000,0.000,0.000,0.000,0.835
(15/9),0.000,0.000,0.000,0.000,0.000,0.013,0.030,0.054,0.075,0.090,0.101,0.099,0.098,0.085,0.078,0.061,0.054,0.030,0.014,0.019,0.032,0.026,0.017,0.012,0.006,0.003,0.001,0.000,0.000,0.000,0.000,0.000,0.000,0.000,0.000,0.000,0.000,0.000,0.000,0.882
(15/8),0.000,0.000,0.000,0.000,0.000,0.019,0.045,0.073,0.093,0.108,0.106,0.106,0.091,0.083,0.064,0.056,0.040,0.023,0.011,0.015,0.026,0.017,0.012,0.006,0.003,0.001,0.000,0.000,0.000,0.000,0.000,0.000,0.000,0.000,0.000,0.000,0.000,0.000,0.000,0.918
(15/7),0.000,0.000,0.000,0.000,0.000,0.034,0.063,0.095,0.114,0.116,0.116,0.098,0.089,0.068,0.057,0.041,0.033,0.017,0.008,0.011,0.017,0.012,0.006,0.003,0.001,0.000,0.000,0.000,0.000,0.000,0.000,0.000,0.000,0.000,0.000,0.000,0.000,0.000,0.000,0.949
(15/6),0.000,0.000,0.000,0.000,0.000,0.051,0.092,0.123,0.128,0.129,0.108,0.097,0.071,0.059,0.041,0.032,0.021,0.011,0.005,0.007,0.012,0.006,0.003,0.001,0.000,0.000,0.000,0.000,0.000,0.000,0.000,0.000,0.000,0.000,0.000,0.000,0.000,0.000,0.000,0.970
(15/5),0.000,0.000,0.000,0.000,0.000,0.091,0.124,0.147,0.145,0.122,0.105,0.076,0.061,0.040,0.031,0.019,0.014,0.007,0.003,0.004,0.006,0.003,0.001,0.000,0.000,0.000,0.000,0.000,0.000,0.000,0.000,0.000,0.000,0.000,0.000,0.000,0.000,0.000,0.000,0.985
(15/4),0.000,0.000,0.000,0.000,0.000,0.138,0.165,0.179,0.140,0.120,0.080,0.063,0.039,0.029,0.017,0.012,0.007,0.004,0.002,0.002,0.003,0.001,0.000,0.000,0.000,0.000,0.000,0.000,0.000,0.000,0.000,0.000,0.000,0.000,0.000,0.000,0.000,0.000,0.000,0.993
(15/3),0.000,0.000,0.000,0.000,0.000,0.245,0.208,0.175,0.132,0.085,0.061,0.035,0.024,0.013,0.009,0.005,0.003,0.001,0.001,0.001,0.001,0.000,0.000,0.000,0.000,0.000,0.000,0.000,0.000,0.000,0.000,0.000,0.000,0.000,0.000,0.000,0.000,0.000,0.000,0.998
(15/2),0.000,0.000,0.000,0.000,0.000,0.372,0.222,0.184,0.090,0.063,0.029,0.019,0.009,0.006,0.003,0.002,0.001,0.000,0.000,0.000,0.000,0.000,0.000,0.000,0.000,0.000,0.000,0.000,0.000,0.000,0.000,0.000,0.000,0.000,0.000,0.000,0.000,0.000,0.000,1.000
(15/1),0.000,0.000,0.000,0.000,0.000,0.660,0.224,0.076,0.026,0.009,0.003,0.001,0.000,0.000,0.000,0.000,0.000,0.000,0.000,0.000,0.000,0.000,0.000,0.000,0.000,0.000,0.000,0.000,0.000,0.000,0.000,0.000,0.000,0.000,0.000,0.000,0.000,0.000,0.000,1.000
(14/20),0.000,0.000,0.000,0.000,0.000,0.000,0.000,0.000,0.001,0.002,0.005,0.009,0.014,0.020,0.028,0.035,0.044,0.031,0.016,0.022,0.042,0.051,0.053,0.062,0.061,0.068,0.064,0.068,0.060,0.060,0.049,0.044,0.032,0.026,0.016,0.010,0.005,0.002,0.000,0.205
(14/19),0.000,0.000,0.000,0.000,0.000,0.000,0.000,0.000,0.001,0.003,0.007,0.011,0.018,0.025,0.033,0.042,0.049,0.034,0.018,0.025,0.051,0.053,0.062,0.061,0.068,0.064,0.068,0.060,0.060,0.049,0.044,0.032,0.026,0.016,0.010,0.005,0.002,0.000,0.000,0.244
(14/18),0.000,0.000,0.000,0.000,0.000,0.000,0.000,0.001,0.002,0.005,0.009,0.015,0.023,0.031,0.041,0.049,0.057,0.040,0.020,0.027,0.053,0.062,0.061,0.068,0.064,0.068,0.060,0.060,0.049,0.044,0.032,0.026,0.016,0.010,0.005,0.002,0.000,0.000,0.000,0.293
(14/17),0.000,0.000,0.000,0.000,0.000,0.000,0.000,0.001,0.003,0.007,0.013,0.020,0.029,0.039,0.048,0.057,0.062,0.042,0.022,0.030,0.062,0.061,0.068,0.064,0.068,0.060,0.060,0.049,0.044,0.032,0.026,0.016,0.010,0.005,0.002,0.000,0.000,0.000,0.000,0.342
(14/16),0.000,0.000,0.000,0.000,0.000,0.000,0.000,0.002,0.005,0.010,0.017,0.026,0.036,0.046,0.057,0.063,0.070,0.047,0.023,0.032,0.061,0.068,0.064,0.068,0.060,0.060,0.049,0.044,0.032,0.026,0.016,0.010,0.005,0.002,0.000,0.000,0.000,0.000,0.000,0.402
(14/15),0.000,0.000,0.000,0.000,0.000,0.000,0.001,0.003,0.007,0.013,0.023,0.033,0.044,0.056,0.063,0.072,0.073,0.048,0.024,0.034,0.068,0.064,0.068,0.060,0.060,0.049,0.044,0.032,0.026,0.016,0.010,0.005,0.002,0.000,0.000,0.000,0.000,0.000,0.000,0.461
(14/14),0.000,0.000,0.000,0.000,0.000,0.000,0.001,0.004,0.010,0.019,0.030,0.042,0.054,0.064,0.073,0.076,0.080,0.051,0.025,0.035,0.064,0.068,0.060,0.060,0.049,0.044,0.032,0.026,0.016,0.010,0.005,0.002,0.000,0.000,0.000,0.000,0.000,0.000,0.000,0.528
(14/13),0.000,0.000,0.000,0.000,0.000,0.000,0.002,0.006,0.014,0.025,0.039,0.052,0.064,0.075,0.078,0.083,0.078,0.050,0.025,0.035,0.068,0.060,0.060,0.049,0.044,0.032,0.026,0.016,0.010,0.005,0.002,0.000,0.000,0.000,0.000,0.000,0.000,0.000,0.000,0.592
(14/12),0.000,0.000,0.000,0.000,0.000,0.000,0.003,0.009,0.020,0.034,0.049,0.063,0.076,0.081,0.087,0.082,0.082,0.050,0.024,0.033,0.060,0.060,0.049,0.044,0.032,0.026,0.016,0.010,0.005,0.002,0.000,0.000,0.000,0.000,0.000,0.000,0.000,0.000,0.000,0.661
(14/11),0.000,0.000,0.000,0.000,0.000,0.000,0.005,0.013,0.029,0.045,0.062,0.077,0.084,0.091,0.087,0.087,0.075,0.046,0.023,0.032,0.060,0.049,0.044,0.032,0.026,0.016,0.010,0.005,0.002,0.000,0.000,0.000,0.000,0.000,0.000,0.000,0.000,0.000,0.000,0.723
(14/10),0.000,0.000,0.000,0.000,0.000,0.000,0.007,0.021,0.039,0.059,0.077,0.087,0.096,0.092,0.092,0.079,0.074,0.043,0.020,0.028,0.049,0.044,0.032,0.026,0.016,0.010,0.005,0.002,0.000,0.000,0.000,0.000,0.000,0.000,0.000,0.000,0.000,0.000,0.000,0.787
(14/9),0.000,0.000,0.000,0.000,0.000,0.000,0.013,0.030,0.054,0.075,0.090,0.101,0.099,0.098,0.085,0.078,0.061,0.037,0.018,0.025,0.044,0.032,0.026,0.016,0.010,0.005,0.002,0.000,0.000,0.000,0.000,0.000,0.000,0.000,0.000,0.000,0.000,0.000,0.000,0.839
(14/8),0.000,0.000,0.000,0.000,0.000,0.000,0.019,0.045,0.073,0.093,0.108,0.106,0.106,0.091,0.083,0.064,0.056,0.031,0.014,0.019,0.032,0.026,0.016,0.010,0.005,0.002,0.000,0.000,0.000,0.000,0.000,0.000,0.000,0.000,0.000,0.000,0.000,0.000,0.000,0.889
(14/7),0.000,0.000,0.000,0.000,0.000,0.000,0.034,0.063,0.095,0.114,0.116,0.116,0.098,0.089,0.068,0.057,0.041,0.023,0.011,0.015,0.026,0.016,0.010,0.005,0.002,0.000,0.000,0.000,0.000,0.000,0.000,0.000,0.000,0.000,0.000,0.000,0.000,0.000,0.000,0.925
(14/6),0.000,0.000,0.000,0.000,0.000,0.000,0.051,0.092,0.123,0.128,0.129,0.108,0.097,0.071,0.059,0.041,0.032,0.016,0.007,0.010,0.016,0.010,0.005,0.002,0.000,0.000,0.000,0.000,0.000,0.000,0.000,0.000,0.000,0.000,0.000,0.000,0.000,0.000,0.000,0.956
(14/5),0.000,0.000,0.000,0.000,0.000,0.000,0.091,0.124,0.147,0.145,0.122,0.105,0.076,0.061,0.040,0.031,0.019,0.010,0.005,0.007,0.010,0.005,0.002,0.000,0.000,0.000,0.000,0.000,0.000,0.000,0.000,0.000,0.000,0.000,0.000,0.000,0.000,0.000,0.000,0.976
(14/4),0.000,0.000,0.000,0.000,0.000,0.000,0.138,0.165,0.179,0.140,0.120,0.080,0.063,0.039,0.029,0.017,0.012,0.006,0.002,0.003,0.005,0.002,0.000,0.000,0.000,0.000,0.000,0.000,0.000,0.000,0.000,0.000,0.000,0.000,0.000,0.000,0.000,0.000,0.000,0.989
(14/3),0.000,0.000,0.000,0.000,0.000,0.000,0.245,0.208,0.175,0.132,0.085,0.061,0.035,0.024,0.013,0.009,0.005,0.002,0.001,0.001,0.002,0.000,0.000,0.000,0.000,0.000,0.000,0.000,0.000,0.000,0.000,0.000,0.000,0.000,0.000,0.000,0.000,0.000,0.000,0.996
(14/2),0.000,0.000,0.000,0.000,0.000,0.000,0.372,0.222,0.184,0.090,0.063,0.029,0.019,0.009,0.006,0.003,0.002,0.001,0.000,0.000,0.000,0.000,0.000,0.000,0.000,0.000,0.000,0.000,0.000,0.000,0.000,0.000,0.000,0.000,0.000,0.000,0.000,0.000,0.000,0.999
(14/1),0.000,0.000,0.000,0.000,0.000,0.000,0.660,0.224,0.076,0.026,0.009,0.003,0.001,0.000,0.000,0.000,0.000,0.000,0.000,0.000,0.000,0.000,0.000,0.000,0.000,0.000,0.000,0.000,0.000,0.000,0.000,0.000,0.000,0.000,0.000,0.000,0.000,0.000,0.000,1.000
(13/20),0.000,0.000,0.000,0.000,0.000,0.000,0.000,0.000,0.000,0.001,0.002,0.005,0.009,0.014,0.020,0.028,0.035,0.025,0.013,0.019,0.039,0.042,0.052,0.053,0.063,0.063,0.071,0.067,0.072,0.064,0.063,0.051,0.045,0.033,0.025,0.014,0.008,0.003,0.001,0.152
(13/19),0.000,0.000,0.000,0.000,0.000,0.000,0.000,0.000,0.000,0.001,0.003,0.007,0.011,0.018,0.025,0.033,0.042,0.031,0.015,0.021,0.042,0.052,0.053,0.063,0.063,0.071,0.067,0.072,0.064,0.063,0.051,0.045,0.033,0.025,0.014,0.008,0.003,0.001,0.000,0.189
(13/18),0.000,0.000,0.000,0.000,0.000,0.000,0.000,0.000,0.001,0.002,0.005,0.009,0.015,0.023,0.031,0.041,0.049,0.034,0.018,0.025,0.052,0.053,0.063,0.063,0.071,0.067,0.072,0.064,0.063,0.051,0.045,0.033,0.025,0.014,0.008,0.003,0.001,0.000,0.000,0.228
(13/17),0.000,0.000,0.000,0.000,0.000,0.000,0.000,0.000,0.001,0.003,0.007,0.013,0.020,0.029,0.039,0.048,0.057,0.040,0.020,0.028,0.053,0.063,0.063,0.071,0.067,0.072,0.064,0.063,0.051,0.045,0.033,0.025,0.014,0.008,0.003,0.001,0.000,0.000,0.000,0.276
(13/16),0.000,0.000,0.000,0.000,0.000,0.000,0.000,0.000,0.002,0.005,0.010,0.017,0.026,0.036,0.046,0.057,0.063,0.043,0.022,0.031,0.063,0.063,0.071,0.067,0.072,0.064,0.063,0.051,0.045,0.033,0.025,0.014,0.008,0.003,0.001,0.000,0.000,0.000,0.000,0.326
(13/15),0.000,0.000,0.000,0.000,0.000,0.000,0.000,0.001,0.003,0.007,0.013,0.023,0.033,0.044,0.056,0.063,0.072,0.049,0.024,0.033,0.063,0.071,0.067,0.072,0.064,0.063,0.051,0.045,0.033,0.025,0.014,0.008,0.003,0.001,0.000,0.000,0.000,0.000,0.000,0.387
(13/14),0.000,0.000,0.000,0.000,0.000,0.000,0.000,0.001,0.004,0.010,0.019,0.030,0.042,0.054,0.064,0.073,0.076,0.050,0.025,0.036,0.071,0.067,0.072,0.064,0.063,0.051,0.045,0.033,0.025,0.014,0.008,0.003,0.001,0.000,0.000,0.000,0.000,0.000,0.000,0.448
(13/13),0.000,0.000,0.000,0.000,0.000,0.000,0.000,0.002,0.006,0.014,0.025,0.039,0.052,0.064,0.075,0.078,0.083,0.054,0.026,0.036,0.067,0.072,0.064,0.063,0.051,0.045,0.033,0.025,0.014,0.008,0.003,0.001,0.000,0.000,0.000,0.000,0.000,0.000,0.000,0.518
(13/12),0.000,0.000,0.000,0.000,0.000,0.000,0.000,0.003,0.009,0.020,0.034,0.049,0.063,0.076,0.081,0.087,0.082,0.053,0.026,0.037,0.072,0.064,0.063,0.051,0.045,0.033,0.025,0.014,0.008,0.003,0.001,0.000,0.000,0.000,0.000,0.000,0.000,0.000,0.000,0.584
(13/11),0.000,0.000,0.000,0.000,0.000,0.000,0.000,0.005,0.013,0.029,0.045,0.062,0.077,0.084,0.091,0.087,0.087,0.053,0.025,0.035,0.064,0.063,0.051,0.045,0.033,0.025,0.014,0.008,0.003,0.001,0.000,0.000,0.000,0.000,0.000,0.000,0.000,0.000,0.000,0.658
(13/10),0.000,0.000,0.000,0.000,0.000,0.000,0.000,0.007,0.021,0.039,0.059,0.077,0.087,0.096,0.092,0.092,0.079,0.049,0.024,0.034,0.063,0.051,0.045,0.033,0.025,0.014,0.008,0.003,0.001,0.000,0.000,0.000,0.000,0.000,0.000,0.000,0.000,0.000,0.000,0.723
(13/9),0.000,0.000,0.000,0.000,0.000,0.000,0.000,0.013,0.030,0.054,0.075,0.090,0.101,0.099,0.098,0.085,0.078,0.045,0.021,0.029,0.051,0.045,0.033,0.025,0.014,0.008,0.003,0.001,0.000,0.000,0.000,0.000,0.000,0.000,0.000,0.000,0.000,0.000,0.000,0.790
(13/8),0.000,0.000,0.000,0.000,0.000,0.000,0.000,0.019,0.045,0.073,0.093,0.108,0.106,0.106,0.091,0.083,0.064,0.038,0.018,0.025,0.045,0.033,0.025,0.014,0.008,0.003,0.001,0.000,0.000,0.000,0.000,0.000,0.000,0.000,0.000,0.000,0.000,0.000,0.000,0.845
(13/7),0.000,0.000,0.000,0.000,0.000,0.000,0.000,0.034,0.063,0.095,0.114,0.116,0.116,0.098,0.089,0.068,0.057,0.031,0.014,0.020,0.033,0.025,0.014,0.008,0.003,0.001,0.000,0.000,0.000,0.000,0.000,0.000,0.000,0.000,0.000,0.000,0.000,0.000,0.000,0.896
(13/6),0.000,0.000,0.000,0.000,0.000,0.000,0.000,0.051,0.092,0.123,0.128,0.129,0.108,0.097,0.071,0.059,0.041,0.023,0.011,0.015,0.025,0.014,0.008,0.003,0.001,0.000,0.000,0.000,0.000,0.000,0.000,0.000,0.000,0.000,0.000,0.000,0.000,0.000,0.000,0.934
(13/5),0.000,0.000,0.000,0.000,0.000,0.000,0.000,0.091,0.124,0.147,0.145,0.122,0.105,0.076,0.061,0.040,0.031,0.015,0.007,0.009,0.014,0.008,0.003,0.001,0.000,0.000,0.000,0.000,0.000,0.000,0.000,0.000,0.000,0.000,0.000,0.000,0.000,0.000,0.000,0.964
(13/4),0.000,0.000,0.000,0.000,0.000,0.000,0.000,0.138,0.165,0.179,0.140,0.120,0.080,0.063,0.039,0.029,0.017,0.009,0.004,0.005,0.008,0.003,0.001,0.000,0.000,0.000,0.000,0.000,0.000,0.000,0.000,0.000,0.000,0.000,0.000,0.000,0.000,0.000,0.000,0.982
(13/3),0.000,0.000,0.000,0.000,0.000,0.000,0.000,0.245,0.208,0.175,0.132,0.085,0.061,0.035,0.024,0.013,0.009,0.004,0.002,0.002,0.003,0.001,0.000,0.000,0.000,0.000,0.000,0.000,0.000,0.000,0.000,0.000,0.000,0.000,0.000,0.000,0.000,0.000,0.000,0.993
(13/2),0.000,0.000,0.000,0.000,0.000,0.000,0.000,0.372,0.222,0.184,0.090,0.063,0.029,0.019,0.009,0.006,0.003,0.001,0.001,0.001,0.001,0.000,0.000,0.000,0.000,0.000,0.000,0.000,0.000,0.000,0.000,0.000,0.000,0.000,0.000,0.000,0.000,0.000,0.000,0.998
(13/1),0.000,0.000,0.000,0.000,0.000,0.000,0.000,0.660,0.224,0.076,0.026,0.009,0.003,0.001,0.000,0.000,0.000,0.000,0.000,0.000,0.000,0.000,0.000,0.000,0.000,0.000,0.000,0.000,0.000,0.000,0.000,0.000,0.000,0.000,0.000,0.000,0.000,0.000,0.000,1.000
(12/20),0.000,0.000,0.000,0.000,0.000,0.000,0.000,0.000,0.000,0.000,0.001,0.002,0.005,0.009,0.014,0.020,0.028,0.021,0.011,0.015,0.030,0.038,0.041,0.052,0.054,0.065,0.065,0.074,0.071,0.076,0.067,0.066,0.053,0.047,0.032,0.023,0.012,0.006,0.002,0.111
(12/19),0.000,0.000,0.000,0.000,0.000,0.000,0.000,0.000,0.000,0.000,0.001,0.003,0.007,0.011,0.018,0.025,0.033,0.024,0.013,0.018,0.038,0.041,0.052,0.054,0.065,0.065,0.074,0.071,0.076,0.067,0.066,0.053,0.047,0.032,0.023,0.012,0.006,0.002,0.000,0.137
(12/18),0.000,0.000,0.000,0.000,0.000,0.000,0.000,0.000,0.000,0.001,0.002,0.005,0.009,0.015,0.023,0.031,0.041,0.030,0.015,0.021,0.041,0.052,0.054,0.065,0.065,0.074,0.071,0.076,0.067,0.066,0.053,0.047,0.032,0.023,0.012,0.006,0.002,0.000,0.000,0.173
(12/17),0.000,0.000,0.000,0.000,0.000,0.000,0.000,0.000,0.000,0.001,0.003,0.007,0.013,0.020,0.029,0.039,0.048,0.033,0.018,0.025,0.052,0.054,0.065,0.065,0.074,0.071,0.076,0.067,0.066,0.053,0.047,0.032,0.023,0.012,0.006,0.002,0.000,0.000,0.000,0.210
(12/16),0.000,0.000,0.000,0.000,0.000,0.000,0.000,0.000,0.000,0.002,0.005,0.010,0.017,0.026,0.036,0.046,0.057,0.040,0.020,0.028,0.054,0.065,0.065,0.074,0.071,0.076,0.067,0.066,0.053,0.047,0.032,0.023,0.012,0.006,0.002,0.000,0.000,0.000,0.000,0.259
(12/15),0.000,0.000,0.000,0.000,0.000,0.000,0.000,0.000,0.001,0.003,0.007,0.013,0.023,0.033,0.044,0.056,0.063,0.043,0.023,0.032,0.065,0.065,0.074,0.071,0.076,0.067,0.066,0.053,0.047,0.032,0.023,0.012,0.006,0.002,0.000,0.000,0.000,0.000,0.000,0.309
(12/14),0.000,0.000,0.000,0.000,0.000,0.000,0.000,0.000,0.001,0.004,0.010,0.019,0.030,0.042,0.054,0.064,0.073,0.050,0.024,0.034,0.065,0.074,0.071,0.076,0.067,0.066,0.053,0.047,0.032,0.023,0.012,0.006,0.002,0.000,0.000,0.000,0.000,0.000,0.000,0.371
(12/13),0.000,0.000,0.000,0.000,0.000,0.000,0.000,0.000,0.002,0.006,0.014,0.025,0.039,0.052,0.064,0.075,0.078,0.052,0.027,0.037,0.074,0.071,0.076,0.067,0.066,0.053,0.047,0.032,0.023,0.012,0.006,0.002,0.000,0.000,0.000,0.000,0.000,0.000,0.000,0.433
(12/12),0.000,0.000,0.000,0.000,0.000,0.000,0.000,0.000,0.003,0.009,0.020,0.034,0.049,0.063,0.076,0.081,0.087,0.057,0.027,0.038,0.071,0.076,0.067,0.066,0.053,0.047,0.032,0.023,0.012,0.006,0.002,0.000,0.000,0.000,0.000,0.000,0.000,0.000,0.000,0.507
(12/11),0.000,0.000,0.000,0.000,0.000,0.000,0.000,0.000,0.005,0.013,0.029,0.045,0.062,0.077,0.084,0.091,0.087,0.056,0.028,0.039,0.076,0.067,0.066,0.053,0.047,0.032,0.023,0.012,0.006,0.002,0.000,0.000,0.000,0.000,0.000,0.000,0.000,0.000,0.000,0.576
(12/10),0.000,0.000,0.000,0.000,0.000,0.000,0.000,0.000,0.007,0.021,0.039,0.059,0.077,0.087,0.096,0.092,0.092,0.057,0.027,0.037,0.067,0.066,0.053,0.047,0.032,0.023,0.012,0.006,0.002,0.000,0.000,0.000,0.000,0.000,0.000,0.000,0.000,0.000,0.000,0.654
(12/9),0.000,0.000,0.000,0.000,0.000,0.000,0.000,0.000,0.013,0.030,0.054,0.075,0.090,0.101,0.099,0.098,0.085,0.052,0.025,0.036,0.066,0.053,0.047,0.032,0.023,0.012,0.006,0.002,0.000,0.000,0.000,0.000,0.000,0.000,0.000,0.000,0.000,0.000,0.000,0.723
(12/8),0.000,0.000,0.000,0.000,0.000,0.000,0.000,0.000,0.019,0.045,0.073,0.093,0.108,0.106,0.106,0.091,0.083,0.048,0.022,0.031,0.053,0.047,0.032,0.023,0.012,0.006,0.002,0.000,0.000,0.000,0.000,0.000,0.000,0.000,0.000,0.000,0.000,0.000,0.000,0.794
(12/7),0.000,0.000,0.000,0.000,0.000,0.000,0.000,0.000,0.034,0.063,0.095,0.114,0.116,0.116,0.098,0.089,0.068,0.040,0.019,0.026,0.047,0.032,0.023,0.012,0.006,0.002,0.000,0.000,0.000,0.000,0.000,0.000,0.000,0.000,0.000,0.000,0.000,0.000,0.000,0.852
(12/6),0.000,0.000,0.000,0.000,0.000,0.000,0.000,0.000,0.051,0.092,0.123,0.128,0.129,0.108,0.097,0.071,0.059,0.031,0.014,0.020,0.032,0.023,0.012,0.006,0.002,0.000,0.000,0.000,0.000,0.000,0.000,0.000,0.000,0.000,0.000,0.000,0.000,0.000,0.000,0.905
(12/5),0.000,0.000,0.000,0.000,0.000,0.000,0.000,0.000,0.091,0.124,0.147,0.145,0.122,0.105,0.076,0.061,0.040,0.022,0.010,0.014,0.023,0.012,0.006,0.002,0.000,0.000,0.000,0.000,0.000,0.000,0.000,0.000,0.000,0.000,0.000,0.000,0.000,0.000,0.000,0.943
(12/4),0.000,0.000,0.000,0.000,0.000,0.000,0.000,0.000,0.138,0.165,0.179,0.140,0.120,0.080,0.063,0.039,0.029,0.014,0.006,0.008,0.012,0.006,0.002,0.000,0.000,0.000,0.000,0.000,0.000,0.000,0.000,0.000,0.000,0.000,0.000,0.000,0.000,0.000,0.000,0.972
(12/3),0.000,0.000,0.000,0.000,0.000,0.000,0.000,0.000,0.245,0.208,0.175,0.132,0.085,0.061,0.035,0.024,0.013,0.007,0.003,0.004,0.006,0.002,0.000,0.000,0.000,0.000,0.000,0.000,0.000,0.000,0.000,0.000,0.000,0.000,0.000,0.000,0.000,0.000,0.000,0.988
(12/2),0.000,0.000,0.000,0.000,0.000,0.000,0.000,0.000,0.372,0.222,0.184,0.090,0.063,0.029,0.019,0.009,0.006,0.002,0.001,0.001,0.002,0.000,0.000,0.000,0.000,0.000,0.000,0.000,0.000,0.000,0.000,0.000,0.000,0.000,0.000,0.000,0.000,0.000,0.000,0.997
(12/1),0.000,0.000,0.000,0.000,0.000,0.000,0.000,0.000,0.660,0.224,0.076,0.026,0.009,0.003,0.001,0.000,0.000,0.000,0.000,0.000,0.000,0.000,0.000,0.000,0.000,0.000,0.000,0.000,0.000,0.000,0.000,0.000,0.000,0.000,0.000,0.000,0.000,0.000,0.000,1.000
(11/20),0.000,0.000,0.000,0.000,0.000,0.000,0.000,0.000,0.000,0.000,0.000,0.001,0.002,0.005,0.009,0.014,0.020,0.015,0.008,0.011,0.025,0.028,0.037,0.041,0.051,0.055,0.066,0.068,0.078,0.075,0.081,0.072,0.070,0.056,0.047,0.031,0.021,0.009,0.003,0.074
(11/19),0.000,0.000,0.000,0.000,0.000,0.000,0.000,0.000,0.000,0.000,0.000,0.001,0.003,0.007,0.011,0.018,0.025,0.020,0.010,0.014,0.028,0.037,0.041,0.051,0.055,0.066,0.068,0.078,0.075,0.081,0.072,0.070,0.056,0.047,0.031,0.021,0.009,0.003,0.000,0.097
(11/18),0.000,0.000,0.000,0.000,0.000,0.000,0.000,0.000,0.000,0.000,0.001,0.002,0.005,0.009,0.015,0.023,0.031,0.023,0.012,0.017,0.037,0.041,0.051,0.055,0.066,0.068,0.078,0.075,0.081,0.072,0.070,0.056,0.047,0.031,0.021,0.009,0.003,0.000,0.000,0.122
(11/17),0.000,0.000,0.000,0.000,0.000,0.000,0.000,0.000,0.000,0.000,0.001,0.003,0.007,0.013,0.020,0.029,0.039,0.029,0.015,0.020,0.041,0.051,0.055,0.066,0.068,0.078,0.075,0.081,0.072,0.070,0.056,0.047,0.031,0.021,0.009,0.003,0.000,0.000,0.000,0.155
(11/16),0.000,0.000,0.000,0.000,0.000,0.000,0.000,0.000,0.000,0.000,0.002,0.005,0.010,0.017,0.026,0.036,0.046,0.033,0.017,0.024,0.051,0.055,0.066,0.068,0.078,0.075,0.081,0.072,0.070,0.056,0.047,0.031,0.021,0.009,0.003,0.000,0.000,0.000,0.000,0.192
(11/15),0.000,0.000,0.000,0.000,0.000,0.000,0.000,0.000,0.000,0.001,0.003,0.007,0.013,0.023,0.033,0.044,0.056,0.040,0.020,0.028,0.055,0.066,0.068,0.078,0.075,0.081,0.072,0.070,0.056,0.047,0.031,0.021,0.009,0.003,0.000,0.000,0.000,0.000,0.000,0.240
(11/14),0.000,0.000,0.000,0.000,0.000,0.000,0.000,0.000,0.000,0.001,0.004,0.010,0.019,0.030,0.042,0.054,0.064,0.044,0.023,0.032,0.066,0.068,0.078,0.075,0.081,0.072,0.070,0.056,0.047,0.031,0.021,0.009,0.003,0.000,0.000,0.000,0.000,0.000,0.000,0.290
(11/13),0.000,0.000,0.000,0.000,0.000,0.000,0.000,0.000,0.000,0.002,0.006,0.014,0.025,0.039,0.052,0.064,0.075,0.051,0.025,0.035,0.068,0.078,0.075,0.081,0.072,0.070,0.056,0.047,0.031,0.021,0.009,0.003,0.000,0.000,0.000,0.000,0.000,0.000,0.000,0.353
(11/12),0.000,0.000,0.000,0.000,0.000,0.000,0.000,0.000,0.000,0.003,0.009,0.020,0.034,0.049,0.063,0.076,0.081,0.054,0.028,0.039,0.078,0.075,0.081,0.072,0.070,0.056,0.047,0.031,0.021,0.009,0.003,0.000,0.000,0.000,0.000,0.000,0.000,0.000,0.000,0.417
(11/11),0.000,0.000,0.000,0.000,0.000,0.000,0.000,0.000,0.000,0.005,0.013,0.029,0.045,0.062,0.077,0.084,0.091,0.060,0.029,0.040,0.075,0.081,0.072,0.070,0.056,0.047,0.031,0.021,0.009,0.003,0.000,0.000,0.000,0.000,0.000,0.000,0.000,0.000,0.000,0.494
(11/10),0.000,0.000,0.000,0.000,0.000,0.000,0.000,0.000,0.000,0.007,0.021,0.039,0.059,0.077,0.087,0.096,0.092,0.059,0.030,0.042,0.081,0.072,0.070,0.056,0.047,0.031,0.021,0.009,0.003,0.000,0.000,0.000,0.000,0.000,0.000,0.000,0.000,0.000,0.000,0.568
(11/9),0.000,0.000,0.000,0.000,0.000,0.000,0.000,0.000,0.000,0.013,0.030,0.054,0.075,0.090,0.101,0.099,0.098,0.060,0.029,0.040,0.072,0.070,0.056,0.047,0.031,0.021,0.009,0.003,0.000,0.000,0.000,0.000,0.000,0.000,0.000,0.000,0.000,0.000,0.000,0.650
(11/8),0.000,0.000,0.000,0.000,0.000,0.000,0.000,0.000,0.000,0.019,0.045,0.073,0.093,0.108,0.106,0.106,0.091,0.056,0.027,0.038,0.070,0.056,0.047,0.031,0.021,0.009,0.003,0.000,0.000,0.000,0.000,0.000,0.000,0.000,0.000,0.000,0.000,0.000,0.000,0.724
(11/7),0.000,0.000,0.000,0.000,0.000,0.000,0.000,0.000,0.000,0.034,0.063,0.095,0.114,0.116,0.116,0.098,0.089,0.051,0.023,0.033,0.056,0.047,0.031,0.021,0.009,0.003,0.000,0.000,0.000,0.000,0.000,0.000,0.000,0.000,0.000,0.000,0.000,0.000,0.000,0.800
(11/6),0.000,0.000,0.000,0.000,0.000,0.000,0.000,0.000,0.000,0.051,0.092,0.123,0.128,0.129,0.108,0.097,0.071,0.041,0.020,0.027,0.047,0.031,0.021,0.009,0.003,0.000,0.000,0.000,0.000,0.000,0.000,0.000,0.000,0.000,0.000,0.000,0.000,0.000,0.000,0.861
(11/5),0.000,0.000,0.000,0.000,0.000,0.000,0.000,0.000,0.000,0.091,0.124,0.147,0.145,0.122,0.105,0.076,0.061,0.031,0.014,0.020,0.031,0.021,0.009,0.003,0.000,0.000,0.000,0.000,0.000,0.000,0.000,0.000,0.000,0.000,0.000,0.000,0.000,0.000,0.000,0.916
(11/4),0.000,0.000,0.000,0.000,0.000,0.000,0.000,0.000,0.000,0.138,0.165,0.179,0.140,0.120,0.080,0.063,0.039,0.021,0.009,0.013,0.021,0.009,0.003,0.000,0.000,0.000,0.000,0.000,0.000,0.000,0.000,0.000,0.000,0.000,0.000,0.000,0.000,0.000,0.000,0.954
(11/3),0.000,0.000,0.000,0.000,0.000,0.000,0.000,0.000,0.000,0.245,0.208,0.175,0.132,0.085,0.061,0.035,0.024,0.011,0.005,0.007,0.009,0.003,0.000,0.000,0.000,0.000,0.000,0.000,0.000,0.000,0.000,0.000,0.000,0.000,0.000,0.000,0.000,0.000,0.000,0.981
(11/2),0.000,0.000,0.000,0.000,0.000,0.000,0.000,0.000,0.000,0.372,0.222,0.184,0.090,0.063,0.029,0.019,0.009,0.004,0.002,0.003,0.003,0.000,0.000,0.000,0.000,0.000,0.000,0.000,0.000,0.000,0.000,0.000,0.000,0.000,0.000,0.000,0.000,0.000,0.000,0.994
(11/1),0.000,0.000,0.000,0.000,0.000,0.000,0.000,0.000,0.000,0.660,0.224,0.076,0.026,0.009,0.003,0.001,0.000,0.000,0.000,0.000,0.000,0.000,0.000,0.000,0.000,0.000,0.000,0.000,0.000,0.000,0.000,0.000,0.000,0.000,0.000,0.000,0.000,0.000,0.000,1.000
(10/20),0.000,0.000,0.000,0.000,0.000,0.000,0.000,0.000,0.000,0.000,0.000,0.000,0.001,0.002,0.005,0.009,0.014,0.011,0.006,0.008,0.017,0.023,0.026,0.035,0.039,0.051,0.055,0.068,0.070,0.082,0.080,0.087,0.077,0.075,0.059,0.048,0.029,0.016,0.005,0.048
(10/19),0.000,0.000,0.000,0.000,0.000,0.000,0.000,0.000,0.000,0.000,0.000,0.000,0.001,0.003,0.007,0.011,0.018,0.014,0.007,0.010,0.023,0.026,0.035,0.039,0.051,0.055,0.068,0.070,0.082,0.080,0.087,0.077,0.075,0.059,0.048,0.029,0.016,0.005,0.000,0.062
(10/18),0.000,0.000,0.000,0.000,0.000,0.000,0.000,0.000,0.000,0.000,0.000,0.001,0.002,0.005,0.009,0.015,0.023,0.018,0.009,0.013,0.026,0.035,0.039,0.051,0.055,0.068,0.070,0.082,0.080,0.087,0.077,0.075,0.059,0.048,0.029,0.016,0.005,0.000,0.000,0.083
(10/17),0.000,0.000,0.000,0.000,0.000,0.000,0.000,0.000,0.000,0.000,0.000,0.001,0.003,0.007,0.013,0.020,0.029,0.021,0.012,0.016,0.035,0.039,0.051,0.055,0.068,0.070,0.082,0.080,0.087,0.077,0.075,0.059,0.048,0.029,0.016,0.005,0.000,0.000,0.000,0.106
(10/16),0.000,0.000,0.000,0.000,0.000,0.000,0.000,0.000,0.000,0.000,0.000,0.002,0.005,0.010,0.017,0.026,0.036,0.028,0.014,0.020,0.039,0.051,0.055,0.068,0.070,0.082,0.080,0.087,0.077,0.075,0.059,0.048,0.029,0.016,0.005,0.000,0.000,0.000,0.000,0.138
(10/15),0.000,0.000,0.000,0.000,0.000,0.000,0.000,0.000,0.000,0.000,0.001,0.003,0.007,0.013,0.023,0.033,0.044,0.032,0.017,0.024,0.051,0.055,0.068,0.070,0.082,0.080,0.087,0.077,0.075,0.059,0.048,0.029,0.016,0.005,0.000,0.000,0.000,0.000,0.000,0.173
(10/14),0.000,0.000,0.000,0.000,0.000,0.000,0.000,0.000,0.000,0.000,0.001,0.004,0.010,0.019,0.030,0.042,0.054,0.040,0.020,0.028,0.055,0.068,0.070,0.082,0.080,0.087,0.077,0.075,0.059,0.048,0.029,0.016,0.005,0.000,0.000,0.000,0.000,0.000,0.000,0.219
(10/13),0.000,0.000,0.000,0.000,0.000,0.000,0.000,0.000,0.000,0.000,0.002,0.006,0.014,0.025,0.039,0.052,0.064,0.044,0.023,0.033,0.068,0.070,0.082,0.080,0.087,0.077,0.075,0.059,0.048,0.029,0.016,0.005,0.000,0.000,0.000,0.000,0.000,0.000,0.000,0.270
(10/12),0.000,0.000,0.000,0.000,0.000,0.000,0.000,0.000,0.000,0.000,0.003,0.009,0.020,0.034,0.049,0.063,0.076,0.053,0.026,0.037,0.070,0.082,0.080,0.087,0.077,0.075,0.059,0.048,0.029,0.016,0.005,0.000,0.000,0.000,0.000,0.000,0.000,0.000,0.000,0.334
(10/11),0.000,0.000,0.000,0.000,0.000,0.000,0.000,0.000,0.000,0.000,0.005,0.013,0.029,0.045,0.062,0.077,0.084,0.056,0.029,0.041,0.082,0.080,0.087,0.077,0.075,0.059,0.048,0.029,0.016,0.005,0.000,0.000,0.000,0.000,0.000,0.000,0.000,0.000,0.000,0.400
(10/10),0.000,0.000,0.000,0.000,0.000,0.000,0.000,0.000,0.000,0.000,0.007,0.021,0.039,0.059,0.077,0.087,0.096,0.063,0.031,0.043,0.080,0.087,0.077,0.075,0.059,0.048,0.029,0.016,0.005,0.000,0.000,0.000,0.000,0.000,0.000,0.000,0.000,0.000,0.000,0.480
(10/9),0.000,0.000,0.000,0.000,0.000,0.000,0.000,0.000,0.000,0.000,0.013,0.030,0.054,0.075,0.090,0.101,0.099,0.064,0.032,0.045,0.087,0.077,0.075,0.059,0.048,0.029,0.016,0.005,0.000,0.000,0.000,0.000,0.000,0.000,0.000,0.000,0.000,0.000,0.000,0.558
(10/8),0.000,0.000,0.000,0.000,0.000,0.000,0.000,0.000,0.000,0.000,0.019,0.045,0.073,0.093,0.108,0.106,0.106,0.065,0.031,0.043,0.077,0.075,0.059,0.048,0.029,0.016,0.005,0.000,0.000,0.000,0.000,0.000,0.000,0.000,0.000,0.000,0.000,0.000,0.000,0.646
(10/7),0.000,0.000,0.000,0.000,0.000,0.000,0.000,0.000,0.000,0.000,0.034,0.063,0.095,0.114,0.116,0.116,0.098,0.060,0.029,0.041,0.075,0.059,0.048,0.029,0.016,0.005,0.000,0.000,0.000,0.000,0.000,0.000,0.000,0.000,0.000,0.000,0.000,0.000,0.000,0.726
(10/6),0.000,0.000,0.000,0.000,0.000,0.000,0.000,0.000,0.000,0.000,0.051,0.092,0.123,0.128,0.129,0.108,0.097,0.054,0.025,0.035,0.059,0.048,0.029,0.016,0.005,0.000,0.000,0.000,0.000,0.000,0.000,0.000,0.000,0.000,0.000,0.000,0.000,0.000,0.000,0.808
(10/5),0.000,0.000,0.000,0.000,0.000,0.000,0.000,0.000,0.000,0.000,0.091,0.124,0.147,0.145,0.122,0.105,0.076,0.043,0.020,0.028,0.048,0.029,0.016,0.005,0.000,0.000,0.000,0.000,0.000,0.000,0.000,0.000,0.000,0.000,0.000,0.000,0.000,0.000,0.000,0.873
(10/4),0.000,0.000,0.000,0.000,0.000,0.000,0.000,0.000,0.000,0.000,0.138,0.165,0.179,0.140,0.120,0.080,0.063,0.031,0.014,0.019,0.029,0.016,0.005,0.000,0.000,0.000,0.000,0.000,0.000,0.000,0.000,0.000,0.000,0.000,0.000,0.000,0.000,0.000,0.000,0.930
(10/3),0.000,0.000,0.000,0.000,0.000,0.000,0.000,0.000,0.000,0.000,0.245,0.208,0.175,0.132,0.085,0.061,0.035,0.018,0.008,0.011,0.016,0.005,0.000,0.000,0.000,0.000,0.000,0.000,0.000,0.000,0.000,0.000,0.000,0.000,0.000,0.000,0.000,0.000,0.000,0.967
(10/2),0.000,0.000,0.000,0.000,0.000,0.000,0.000,0.000,0.000,0.000,0.372,0.222,0.184,0.090,0.063,0.029,0.019,0.008,0.003,0.004,0.005,0.000,0.000,0.000,0.000,0.000,0.000,0.000,0.000,0.000,0.000,0.000,0.000,0.000,0.000,0.000,0.000,0.000,0.000,0.990
(10/1),0.000,0.000,0.000,0.000,0.000,0.000,0.000,0.000,0.000,0.000,0.660,0.224,0.076,0.026,0.009,0.003,0.001,0.000,0.000,0.000,0.000,0.000,0.000,0.000,0.000,0.000,0.000,0.000,0.000,0.000,0.000,0.000,0.000,0.000,0.000,0.000,0.000,0.000,0.000,1.000
(9/20),0.000,0.000,0.000,0.000,0.000,0.000,0.000,0.000,0.000,0.000,0.000,0.000,0.000,0.001,0.002,0.005,0.009,0.007,0.004,0.005,0.012,0.015,0.020,0.024,0.033,0.038,0.050,0.055,0.069,0.073,0.087,0.086,0.094,0.084,0.081,0.061,0.047,0.025,0.011,0.028
(9/19),0.000,0.000,0.000,0.000,0.000,0.000,0.000,0.000,0.000,0.000,0.000,0.000,0.000,0.001,0.003,0.007,0.011,0.010,0.005,0.007,0.015,0.020,0.024,0.033,0.038,0.050,0.055,0.069,0.073,0.087,0.086,0.094,0.084,0.081,0.061,0.047,0.025,0.011,0.000,0.038
(9/18),0.000,0.000,0.000,0.000,0.000,0.000,0.000,0.000,0.000,0.000,0.000,0.000,0.001,0.002,0.005,0.009,0.015,0.012,0.007,0.009,0.020,0.024,0.033,0.038,0.050,0.055,0.069,0.073,0.087,0.086,0.094,0.084,0.081,0.061,0.047,0.025,0.011,0.000,0.000,0.051
(9/17),0.000,0.000,0.000,0.000,0.000,0.000,0.000,0.000,0.000,0.000,0.000,0.000,0.001,0.003,0.007,0.013,0.020,0.016,0.008,0.012,0.024,0.033,0.038,0.050,0.055,0.069,0.073,0.087,0.086,0.094,0.084,0.081,0.061,0.047,0.025,0.011,0.000,0.000,0.000,0.069
(9/16),0.000,0.000,0.000,0.000,0.000,0.000,0.000,0.000,0.000,0.000,0.000,0.000,0.002,0.005,0.010,0.017,0.026,0.020,0.011,0.015,0.033,0.038,0.050,0.055,0.069,0.073,0.087,0.086,0.094,0.084,0.081,0.061,0.047,0.025,0.011,0.000,0.000,0.000,0.000,0.090
(9/15),0.000,0.000,0.000,0.000,0.000,0.000,0.000,0.000,0.000,0.000,0.000,0.001,0.003,0.007,0.013,0.023,0.033,0.026,0.013,0.019,0.038,0.050,0.055,0.069,0.073,0.087,0.086,0.094,0.084,0.081,0.061,0.047,0.025,0.011,0.000,0.000,0.000,0.000,0.000,0.119
(9/14),0.000,0.000,0.000,0.000,0.000,0.000,0.000,0.000,0.000,0.000,0.000,0.001,0.004,0.010,0.019,0.030,0.042,0.031,0.017,0.023,0.050,0.055,0.069,0.073,0.087,0.086,0.094,0.084,0.081,0.061,0.047,0.025,0.011,0.000,0.000,0.000,0.000,0.000,0.000,0.152
(9/13),0.000,0.000,0.000,0.000,0.000,0.000,0.000,0.000,0.000,0.000,0.000,0.002,0.006,0.014,0.025,0.039,0.052,0.039,0.020,0.028,0.055,0.069,0.073,0.087,0.086,0.094,0.084,0.081,0.061,0.047,0.025,0.011,0.000,0.000,0.000,0.000,0.000,0.000,0.000,0.197
(9/12),0.000,0.000,0.000,0.000,0.000,0.000,0.000,0.000,0.000,0.000,0.000,0.003,0.009,0.020,0.034,0.049,0.063,0.045,0.024,0.033,0.069,0.073,0.087,0.086,0.094,0.084,0.081,0.061,0.047,0.025,0.011,0.000,0.000,0.000,0.000,0.000,0.000,0.000,0.000,0.247
(9/11),0.000,0.000,0.000,0.000,0.000,0.000,0.000,0.000,0.000,0.000,0.000,0.005,0.013,0.029,0.045,0.062,0.077,0.054,0.027,0.038,0.073,0.087,0.086,0.094,0.084,0.081,0.061,0.047,0.025,0.011,0.000,0.000,0.000,0.000,0.000,0.000,0.000,0.000,0.000,0.312
(9/10),0.000,0.000,0.000,0.000,0.000,0.000,0.000,0.000,0.000,0.000,0.000,0.007,0.021,0.039,0.059,0.077,0.087,0.059,0.031,0.043,0.087,0.086,0.094,0.084,0.081,0.061,0.047,0.025,0.011,0.000,0.000,0.000,0.000,0.000,0.000,0.000,0.000,0.000,0.000,0.380
(9/9),0.000,0.000,0.000,0.000,0.000,0.000,0.000,0.000,0.000,0.000,0.000,0.013,0.030,0.054,0.075,0.090,0.101,0.067,0.033,0.046,0.086,0.094,0.084,0.081,0.061,0.047,0.025,0.011,0.000,0.000,0.000,0.000,0.000,0.000,0.000,0.000,0.000,0.000,0.000,0.464
(9/8),0.000,0.000,0.000,0.000,0.000,0.000,0.000,0.000,0.000,0.000,0.000,0.019,0.045,0.073,0.093,0.108,0.106,0.069,0.035,0.048,0.094,0.084,0.081,0.061,0.047,0.025,0.011,0.000,0.000,0.000,0.000,0.000,0.000,0.000,0.000,0.000,0.000,0.000,0.000,0.547
(9/7),0.000,0.000,0.000,0.000,0.000,0.000,0.000,0.000,0.000,0.000,0.000,0.034,0.063,0.095,0.114,0.116,0.116,0.071,0.034,0.047,0.084,0.081,0.061,0.047,0.025,0.011,0.000,0.000,0.000,0.000,0.000,0.000,0.000,0.000,0.000,0.000,0.000,0.000,0.000,0.643
(9/6),0.000,0.000,0.000,0.000,0.000,0.000,0.000,0.000,0.000,0.000,0.000,0.051,0.092,0.123,0.128,0.129,0.108,0.066,0.032,0.044,0.081,0.061,0.047,0.025,0.011,0.000,0.000,0.000,0.000,0.000,0.000,0.000,0.000,0.000,0.000,0.000,0.000,0.000,0.000,0.730
(9/5),0.000,0.000,0.000,0.000,0.000,0.000,0.000,0.000,0.000,0.000,0.000,0.091,0.124,0.147,0.145,0.122,0.105,0.058,0.026,0.037,0.061,0.047,0.025,0.011,0.000,0.000,0.000,0.000,0.000,0.000,0.000,0.000,0.000,0.000,0.000,0.000,0.000,0.000,0.000,0.818
(9/4),0.000,0.000,0.000,0.000,0.000,0.000,0.000,0.000,0.000,0.000,0.000,0.138,0.165,0.179,0.140,0.120,0.080,0.045,0.021,0.029,0.047,0.025,0.011,0.000,0.000,0.000,0.000,0.000,0.000,0.000,0.000,0.000,0.000,0.000,0.000,0.000,0.000,0.000,0.000,0.888
(9/3),0.000,0.000,0.000,0.000,0.000,0.000,0.000,0.000,0.000,0.000,0.000,0.245,0.208,0.175,0.132,0.085,0.061,0.029,0.012,0.017,0.025,0.011,0.000,0.000,0.000,0.000,0.000,0.000,0.000,0.000,0.000,0.000,0.000,0.000,0.000,0.000,0.000,0.000,0.000,0.947
(9/2),0.000,0.000,0.000,0.000,0.000,0.000,0.000,0.000,0.000,0.000,0.000,0.372,0.222,0.184,0.090,0.063,0.029,0.014,0.006,0.008,0.011,0.000,0.000,0.000,0.000,0.000,0.000,0.000,0.000,0.000,0.000,0.000,0.000,0.000,0.000,0.000,0.000,0.000,0.000,0.980
(9/1),0.000,0.000,0.000,0.000,0.000,0.000,0.000,0.000,0.000,0.000,0.000,0.660,0.224,0.076,0.026,0.009,0.003,0.001,0.000,0.000,0.000,0.000,0.000,0.000,0.000,0.000,0.000,0.000,0.000,0.000,0.000,0.000,0.000,0.000,0.000,0.000,0.000,0.000,0.000,1.000
(8/20),0.000,0.000,0.000,0.000,0.000,0.000,0.000,0.000,0.000,0.000,0.000,0.000,0.000,0.000,0.001,0.002,0.005,0.004,0.002,0.003,0.007,0.010,0.012,0.018,0.022,0.030,0.036,0.048,0.055,0.071,0.076,0.093,0.094,0.104,0.093,0.088,0.064,0.043,0.019,0.015
(8/19),0.000,0.000,0.000,0.000,0.000,0.000,0.000,0.000,0.000,0.000,0.000,0.000,0.000,0.000,0.001,0.003,0.007,0.005,0.003,0.004,0.010,0.012,0.018,0.022,0.030,0.036,0.048,0.055,0.071,0.076,0.093,0.094,0.104,0.093,0.088,0.064,0.043,0.019,0.000,0.021
(8/18),0.000,0.000,0.000,0.000,0.000,0.000,0.000,0.000,0.000,0.000,0.000,0.000,0.000,0.001,0.002,0.005,0.009,0.008,0.004,0.006,0.012,0.018,0.022,0.030,0.036,0.048,0.055,0.071,0.076,0.093,0.094,0.104,0.093,0.088,0.064,0.043,0.019,0.000,0.000,0.029
(8/17),0.000,0.000,0.000,0.000,0.000,0.000,0.000,0.000,0.000,0.000,0.000,0.000,0.000,0.001,0.003,0.007,0.013,0.010,0.006,0.008,0.018,0.022,0.030,0.036,0.048,0.055,0.071,0.076,0.093,0.094,0.104,0.093,0.088,0.064,0.043,0.019,0.000,0.000,0.000,0.040
(8/16),0.000,0.000,0.000,0.000,0.000,0.000,0.000,0.000,0.000,0.000,0.000,0.000,0.000,0.002,0.005,0.010,0.017,0.014,0.007,0.010,0.022,0.030,0.036,0.048,0.055,0.071,0.076,0.093,0.094,0.104,0.093,0.088,0.064,0.043,0.019,0.000,0.000,0.000,0.000,0.055
(8/15),0.000,0.000,0.000,0.000,0.000,0.000,0.000,0.000,0.000,0.000,0.000,0.000,0.001,0.003,0.007,0.013,0.023,0.017,0.010,0.014,0.030,0.036,0.048,0.055,0.071,0.076,0.093,0.094,0.104,0.093,0.088,0.064,0.043,0.019,0.000,0.000,0.000,0.000,0.000,0.073
(8/14),0.000,0.000,0.000,0.000,0.000,0.000,0.000,0.000,0.000,0.000,0.000,0.000,0.001,0.004,0.010,0.019,0.030,0.024,0.012,0.017,0.036,0.048,0.055,0.071,0.076,0.093,0.094,0.104,0.093,0.088,0.064,0.043,0.019,0.000,0.000,0.000,0.000,0.000,0.000,0.100
(8/13),0.000,0.000,0.000,0.000,0.000,0.000,0.000,0.000,0.000,0.000,0.000,0.000,0.002,0.006,0.014,0.025,0.039,0.029,0.016,0.022,0.048,0.055,0.071,0.076,0.093,0.094,0.104,0.093,0.088,0.064,0.043,0.019,0.000,0.000,0.000,0.000,0.000,0.000,0.000,0.130
(8/12),0.000,0.000,0.000,0.000,0.000,0.000,0.000,0.000,0.000,0.000,0.000,0.000,0.003,0.009,0.020,0.034,0.049,0.038,0.019,0.027,0.055,0.071,0.076,0.093,0.094,0.104,0.093,0.088,0.064,0.043,0.019,0.000,0.000,0.000,0.000,0.000,0.000,0.000,0.000,0.173
(8/11),0.000,0.000,0.000,0.000,0.000,0.000,0.000,0.000,0.000,0.000,0.000,0.000,0.005,0.013,0.029,0.045,0.062,0.044,0.024,0.033,0.071,0.076,0.093,0.094,0.104,0.093,0.088,0.064,0.043,0.019,0.000,0.000,0.000,0.000,0.000,0.000,0.000,0.000,0.000,0.222
(8/10),0.000,0.000,0.000,0.000,0.000,0.000,0.000,0.000,0.000,0.000,0.000,0.000,0.007,0.021,0.039,0.059,0.077,0.056,0.028,0.039,0.076,0.093,0.094,0.104,0.093,0.088,0.064,0.043,0.019,0.000,0.000,0.000,0.000,0.000,0.000,0.000,0.000,0.000,0.000,0.287
(8/9),0.000,0.000,0.000,0.000,0.000,0.000,0.000,0.000,0.000,0.000,0.000,0.000,0.013,0.030,0.054,0.075,0.090,0.062,0.032,0.045,0.093,0.094,0.104,0.093,0.088,0.064,0.043,0.019,0.000,0.000,0.000,0.000,0.000,0.000,0.000,0.000,0.000,0.000,0.000,0.357
(8/8),0.000,0.000,0.000,0.000,0.000,0.000,0.000,0.000,0.000,0.000,0.000,0.000,0.019,0.045,0.073,0.093,0.108,0.073,0.035,0.049,0.094,0.104,0.093,0.088,0.064,0.043,0.019,0.000,0.000,0.000,0.000,0.000,0.000,0.000,0.000,0.000,0.000,0.000,0.000,0.446
(8/7),0.000,0.000,0.000,0.000,0.000,0.000,0.000,0.000,0.000,0.000,0.000,0.000,0.034,0.063,0.095,0.114,0.116,0.075,0.038,0.053,0.104,0.093,0.088,0.064,0.043,0.019,0.000,0.000,0.000,0.000,0.000,0.000,0.000,0.000,0.000,0.000,0.000,0.000,0.000,0.536
(8/6),0.000,0.000,0.000,0.000,0.000,0.000,0.000,0.000,0.000,0.000,0.000,0.000,0.051,0.092,0.123,0.128,0.129,0.079,0.037,0.052,0.093,0.088,0.064,0.043,0.019,0.000,0.000,0.000,0.000,0.000,0.000,0.000,0.000,0.000,0.000,0.000,0.000,0.000,0.000,0.640
(8/5),0.000,0.000,0.000,0.000,0.000,0.000,0.000,0.000,0.000,0.000,0.000,0.000,0.091,0.124,0.147,0.145,0.122,0.073,0.035,0.049,0.088,0.064,0.043,0.019,0.000,0.000,0.000,0.000,0.000,0.000,0.000,0.000,0.000,0.000,0.000,0.000,0.000,0.000,0.000,0.736
(8/4),0.000,0.000,0.000,0.000,0.000,0.000,0.000,0.000,0.000,0.000,0.000,0.000,0.138,0.165,0.179,0.140,0.120,0.063,0.028,0.040,0.064,0.043,0.019,0.000,0.000,0.000,0.000,0.000,0.000,0.000,0.000,0.000,0.000,0.000,0.000,0.000,0.000,0.000,0.000,0.834
(8/3),0.000,0.000,0.000,0.000,0.000,0.000,0.000,0.000,0.000,0.000,0.000,0.000,0.245,0.208,0.175,0.132,0.085,0.045,0.020,0.028,0.043,0.019,0.000,0.000,0.000,0.000,0.000,0.000,0.000,0.000,0.000,0.000,0.000,0.000,0.000,0.000,0.000,0.000,0.000,0.910
(8/2),0.000,0.000,0.000,0.000,0.000,0.000,0.000,0.000,0.000,0.000,0.000,0.000,0.372,0.222,0.184,0.090,0.063,0.026,0.010,0.015,0.019,0.000,0.000,0.000,0.000,0.000,0.000,0.000,0.000,0.000,0.000,0.000,0.000,0.000,0.000,0.000,0.000,0.000,0.000,0.967
(8/1),0.000,0.000,0.000,0.000,0.000,0.000,0.000,0.000,0.000,0.000,0.000,0.000,0.660,0.224,0.076,0.026,0.009,0.003,0.001,0.001,0.000,0.000,0.000,0.000,0.000,0.000,0.000,0.000,0.000,0.000,0.000,0.000,0.000,0.000,0.000,0.000,0.000,0.000,0.000,0.999
(7/20),0.000,0.000,0.000,0.000,0.000,0.000,0.000,0.000,0.000,0.000,0.000,0.000,0.000,0.000,0.000,0.001,0.002,0.002,0.001,0.002,0.004,0.005,0.008,0.010,0.015,0.018,0.027,0.032,0.045,0.053,0.071,0.080,0.100,0.103,0.116,0.104,0.098,0.064,0.038,0.007
(7/19),0.000,0.000,0.000,0.000,0.000,0.000,0.000,0.000,0.000,0.000,0.000,0.000,0.000,0.000,0.000,0.001,0.003,0.003,0.002,0.002,0.005,0.008,0.010,0.015,0.018,0.027,0.032,0.045,0.053,0.071,0.080,0.100,0.103,0.116,0.104,0.098,0.064,0.038,0.000,0.010
(7/18),0.000,0.000,0.000,0.000,0.000,0.000,0.000,0.000,0.000,0.000,0.000,0.000,0.000,0.000,0.001,0.002,0.005,0.004,0.002,0.003,0.008,0.010,0.015,0.018,0.027,0.032,0.045,0.053,0.071,0.080,0.100,0.103,0.116,0.104,0.098,0.064,0.038,0.000,0.000,0.014
(7/17),0.000,0.000,0.000,0.000,0.000,0.000,0.000,0.000,0.000,0.000,0.000,0.000,0.000,0.000,0.001,0.003,0.007,0.006,0.003,0.005,0.010,0.015,0.018,0.027,0.032,0.045,0.053,0.071,0.080,0.100,0.103,0.116,0.104,0.098,0.064,0.038,0.000,0.000,0.000,0.021
(7/16),0.000,0.000,0.000,0.000,0.000,0.000,0.000,0.000,0.000,0.000,0.000,0.000,0.000,0.000,0.002,0.005,0.010,0.008,0.005,0.006,0.015,0.018,0.027,0.032,0.045,0.053,0.071,0.080,0.100,0.103,0.116,0.104,0.098,0.064,0.038,0.000,0.000,0.000,0.000,0.029
(7/15),0.000,0.000,0.000,0.000,0.000,0.000,0.000,0.000,0.000,0.000,0.000,0.000,0.000,0.001,0.003,0.007,0.013,0.012,0.006,0.009,0.018,0.027,0.032,0.045,0.053,0.071,0.080,0.100,0.103,0.116,0.104,0.098,0.064,0.038,0.000,0.000,0.000,0.000,0.000,0.041
(7/14),0.000,0.000,0.000,0.000,0.000,0.000,0.000,0.000,0.000,0.000,0.000,0.000,0.000,0.001,0.004,0.010,0.019,0.015,0.008,0.012,0.027,0.032,0.045,0.053,0.071,0.080,0.100,0.103,0.116,0.104,0.098,0.064,0.038,0.000,0.000,0.000,0.000,0.000,0.000,0.057
(7/13),0.000,0.000,0.000,0.000,0.000,0.000,0.000,0.000,0.000,0.000,0.000,0.000,0.000,0.002,0.006,0.014,0.025,0.021,0.011,0.016,0.032,0.045,0.053,0.071,0.080,0.100,0.103,0.116,0.104,0.098,0.064,0.038,0.000,0.000,0.000,0.000,0.000,0.000,0.000,0.080
(7/12),0.000,0.000,0.000,0.000,0.000,0.000,0.000,0.000,0.000,0.000,0.000,0.000,0.000,0.003,0.009,0.020,0.034,0.026,0.015,0.020,0.045,0.053,0.071,0.080,0.100,0.103,0.116,0.104,0.098,0.064,0.038,0.000,0.000,0.000,0.000,0.000,0.000,0.000,0.000,0.107
(7/11),0.000,0.000,0.000,0.000,0.000,0.000,0.000,0.000,0.000,0.000,0.000,0.000,0.000,0.005,0.013,0.029,0.045,0.036,0.019,0.026,0.053,0.071,0.080,0.100,0.103,0.116,0.104,0.098,0.064,0.038,0.000,0.000,0.000,0.000,0.000,0.000,0.000,0.000,0.000,0.147
(7/10),0.000,0.000,0.000,0.000,0.000,0.000,0.000,0.000,0.000,0.000,0.000,0.000,0.000,0.007,0.021,0.039,0.059,0.044,0.024,0.033,0.071,0.080,0.100,0.103,0.116,0.104,0.098,0.064,0.038,0.000,0.000,0.000,0.000,0.000,0.000,0.000,0.000,0.000,0.000,0.193
(7/9),0.000,0.000,0.000,0.000,0.000,0.000,0.000,0.000,0.000,0.000,0.000,0.000,0.000,0.013,0.030,0.054,0.075,0.057,0.029,0.040,0.080,0.100,0.103,0.116,0.104,0.098,0.064,0.038,0.000,0.000,0.000,0.000,0.000,0.000,0.000,0.000,0.000,0.000,0.000,0.258
(7/8),0.000,0.000,0.000,0.000,0.000,0.000,0.000,0.000,0.000,0.000,0.000,0.000,0.000,0.019,0.045,0.073,0.093,0.065,0.034,0.048,0.100,0.103,0.116,0.104,0.098,0.064,0.038,0.000,0.000,0.000,0.000,0.000,0.000,0.000,0.000,0.000,0.000,0.000,0.000,0.329
(7/7),0.000,0.000,0.000,0.000,0.000,0.000,0.000,0.000,0.000,0.000,0.000,0.000,0.000,0.034,0.063,0.095,0.114,0.079,0.038,0.054,0.103,0.116,0.104,0.098,0.064,0.038,0.000,0.000,0.000,0.000,0.000,0.000,0.000,0.000,0.000,0.000,0.000,0.000,0.000,0.423
(7/6),0.000,0.000,0.000,0.000,0.000,0.000,0.000,0.000,0.000,0.000,0.000,0.000,0.000,0.051,0.092,0.123,0.128,0.084,0.042,0.059,0.116,0.104,0.098,0.064,0.038,0.000,0.000,0.000,0.000,0.000,0.000,0.000,0.000,0.000,0.000,0.000,0.000,0.000,0.000,0.521
(7/5),0.000,0.000,0.000,0.000,0.000,0.000,0.000,0.000,0.000,0.000,0.000,0.000,0.000,0.091,0.124,0.147,0.145,0.089,0.042,0.058,0.104,0.098,0.064,0.038,0.000,0.000,0.000,0.000,0.000,0.000,0.000,0.000,0.000,0.000,0.000,0.000,0.000,0.000,0.000,0.638
(7/4),0.000,0.000,0.000,0.000,0.000,0.000,0.000,0.000,0.000,0.000,0.000,0.000,0.000,0.138,0.165,0.179,0.140,0.083,0.040,0.055,0.098,0.064,0.038,0.000,0.000,0.000,0.000,0.000,0.000,0.000,0.000,0.000,0.000,0.000,0.000,0.000,0.000,0.000,0.000,0.745
(7/3),0.000,0.000,0.000,0.000,0.000,0.000,0.000,0.000,0.000,0.000,0.000,0.000,0.000,0.245,0.208,0.175,0.132,0.067,0.029,0.041,0.064,0.038,0.000,0.000,0.000,0.000,0.000,0.000,0.000,0.000,0.000,0.000,0.000,0.000,0.000,0.000,0.000,0.000,0.000,0.857
(7/2),0.000,0.000,0.000,0.000,0.000,0.000,0.000,0.000,0.000,0.000,0.000,0.000,0.000,0.372,0.222,0.184,0.090,0.046,0.020,0.028,0.038,0.000,0.000,0.000,0.000,0.000,0.000,0.000,0.000,0.000,0.000,0.000,0.000,0.000,0.000,0.000,0.000,0.000,0.000,0.934
(7/1),0.000,0.000,0.000,0.000,0.000,0.000,0.000,0.000,0.000,0.000,0.000,0.000,0.000,0.660,0.224,0.076,0.026,0.008,0.002,0.003,0.000,0.000,0.000,0.000,0.000,0.000,0.000,0.000,0.000,0.000,0.000,0.000,0.000,0.000,0.000,0.000,0.000,0.000,0.000,0.997
(6/20),0.000,0.000,0.000,0.000,0.000,0.000,0.000,0.000,0.000,0.000,0.000,0.000,0.000,0.000,0.000,0.000,0.001,0.001,0.001,0.001,0.002,0.003,0.004,0.006,0.007,0.011,0.015,0.022,0.028,0.042,0.051,0.071,0.084,0.109,0.117,0.134,0.124,0.104,0.064,0.003
(6/19),0.000,0.000,0.000,0.000,0.000,0.000,0.000,0.000,0.000,0.000,0.000,0.000,0.000,0.000,0.000,0.000,0.001,0.001,0.001,0.001,0.003,0.004,0.006,0.007,0.011,0.015,0.022,0.028,0.042,0.051,0.071,0.084,0.109,0.117,0.134,0.124,0.104,0.064,0.000,0.004
(6/18),0.000,0.000,0.000,0.000,0.000,0.000,0.000,0.000,0.000,0.000,0.000,0.000,0.000,0.000,0.000,0.001,0.002,0.002,0.001,0.002,0.004,0.006,0.007,0.011,0.015,0.022,0.028,0.042,0.051,0.071,0.084,0.109,0.117,0.134,0.124,0.104,0.064,0.000,0.000,0.006
(6/17),0.000,0.000,0.000,0.000,0.000,0.000,0.000,0.000,0.000,0.000,0.000,0.000,0.000,0.000,0.000,0.001,0.003,0.003,0.002,0.002,0.006,0.007,0.011,0.015,0.022,0.028,0.042,0.051,0.071,0.084,0.109,0.117,0.134,0.124,0.104,0.064,0.000,0.000,0.000,0.009
(6/16),0.000,0.000,0.000,0.000,0.000,0.000,0.000,0.000,0.000,0.000,0.000,0.000,0.000,0.000,0.000,0.002,0.005,0.004,0.002,0.003,0.007,0.011,0.015,0.022,0.028,0.042,0.051,0.071,0.084,0.109,0.117,0.134,0.124,0.104,0.064,0.000,0.000,0.000,0.000,0.014
(6/15),0.000,0.000,0.000,0.000,0.000,0.000,0.000,0.000,0.000,0.000,0.000,0.000,0.000,0.000,0.001,0.003,0.007,0.006,0.003,0.005,0.011,0.015,0.022,0.028,0.042,0.051,0.071,0.084,0.109,0.117,0.134,0.124,0.104,0.064,0.000,0.000,0.000,0.000,0.000,0.019
(6/14),0.000,0.000,0.000,0.000,0.000,0.000,0.000,0.000,0.000,0.000,0.000,0.000,0.000,0.000,0.001,0.004,0.010,0.009,0.005,0.007,0.015,0.022,0.028,0.042,0.051,0.071,0.084,0.109,0.117,0.134,0.124,0.104,0.064,0.000,0.000,0.000,0.000,0.000,0.000,0.029
(6/13),0.000,0.000,0.000,0.000,0.000,0.000,0.000,0.000,0.000,0.000,0.000,0.000,0.000,0.000,0.002,0.006,0.014,0.012,0.007,0.010,0.022,0.028,0.042,0.051,0.071,0.084,0.109,0.117,0.134,0.124,0.104,0.064,0.000,0.000,0.000,0.000,0.000,0.000,0.000,0.041
(6/12),0.000,0.000,0.000,0.000,0.000,0.000,0.000,0.000,0.000,0.000,0.000,0.000,0.000,0.000,0.003,0.009,0.020,0.018,0.010,0.013,0.028,0.042,0.051,0.071,0.084,0.109,0.117,0.134,0.124,0.104,0.064,0.000,0.000,0.000,0.000,0.000,0.000,0.000,0.000,0.059
(6/11),0.000,0.000,0.000,0.000,0.000,0.000,0.000,0.000,0.000,0.000,0.000,0.000,0.000,0.000,0.005,0.013,0.029,0.023,0.013,0.018,0.042,0.051,0.071,0.084,0.109,0.117,0.134,0.124,0.104,0.064,0.000,0.000,0.000,0.000,0.000,0.000,0.000,0.000,0.000,0.083
(6/10),0.000,0.000,0.000,0.000,0.000,0.000,0.000,0.000,0.000,0.000,0.000,0.000,0.000,0.000,0.007,0.021,0.039,0.034,0.017,0.024,0.051,0.071,0.084,0.109,0.117,0.134,0.124,0.104,0.064,0.000,0.000,0.000,0.000,0.000,0.000,0.000,0.000,0.000,0.000,0.118
(6/9),0.000,0.000,0.000,0.000,0.000,0.000,0.000,0.000,0.000,0.000,0.000,0.000,0.000,0.000,0.013,0.030,0.054,0.042,0.023,0.032,0.071,0.084,0.109,0.117,0.134,0.124,0.104,0.064,0.000,0.000,0.000,0.000,0.000,0.000,0.000,0.000,0.000,0.000,0.000,0.162
(6/8),0.000,0.000,0.000,0.000,0.000,0.000,0.000,0.000,0.000,0.000,0.000,0.000,0.000,0.000,0.019,0.045,0.073,0.058,0.029,0.041,0.084,0.109,0.117,0.134,0.124,0.104,0.064,0.000,0.000,0.000,0.000,0.000,0.000,0.000,0.000,0.000,0.000,0.000,0.000,0.224
(6/7),0.000,0.000,0.000,0.000,0.000,0.000,0.000,0.000,0.000,0.000,0.000,0.000,0.000,0.000,0.034,0.063,0.095,0.068,0.037,0.051,0.109,0.117,0.134,0.124,0.104,0.064,0.000,0.000,0.000,0.000,0.000,0.000,0.000,0.000,0.000,0.000,0.000,0.000,0.000,0.297
(6/6),0.000,0.000,0.000,0.000,0.000,0.000,0.000,0.000,0.000,0.000,0.000,0.000,0.000,0.000,0.051,0.092,0.123,0.087,0.043,0.060,0.117,0.134,0.124,0.104,0.064,0.000,0.000,0.000,0.000,0.000,0.000,0.000,0.000,0.000,0.000,0.000,0.000,0.000,0.000,0.397
(6/5),0.000,0.000,0.000,0.000,0.000,0.000,0.000,0.000,0.000,0.000,0.000,0.000,0.000,0.000,0.091,0.124,0.147,0.096,0.049,0.068,0.134,0.124,0.104,0.064,0.000,0.000,0.000,0.000,0.000,0.000,0.000,0.000,0.000,0.000,0.000,0.000,0.000,0.000,0.000,0.506
(6/4),0.000,0.000,0.000,0.000,0.000,0.000,0.000,0.000,0.000,0.000,0.000,0.000,0.000,0.000,0.138,0.165,0.179,0.107,0.050,0.070,0.124,0.104,0.064,0.000,0.000,0.000,0.000,0.000,0.000,0.000,0.000,0.000,0.000,0.000,0.000,0.000,0.000,0.000,0.000,0.638
(6/3),0.000,0.000,0.000,0.000,0.000,0.000,0.000,0.000,0.000,0.000,0.000,0.000,0.000,0.000,0.245,0.208,0.175,0.097,0.045,0.062,0.104,0.064,0.000,0.000,0.000,0.000,0.000,0.000,0.000,0.000,0.000,0.000,0.000,0.000,0.000,0.000,0.000,0.000,0.000,0.769
(6/2),0.000,0.000,0.000,0.000,0.000,0.000,0.000,0.000,0.000,0.000,0.000,0.000,0.000,0.000,0.372,0.222,0.184,0.079,0.033,0.046,0.064,0.000,0.000,0.000,0.000,0.000,0.000,0.000,0.000,0.000,0.000,0.000,0.000,0.000,0.000,0.000,0.000,0.000,0.000,0.890
(6/1),0.000,0.000,0.000,0.000,0.000,0.000,0.000,0.000,0.000,0.000,0.000,0.000,0.000,0.000,0.660,0.224,0.076,0.023,0.007,0.010,0.000,0.000,0.000,0.000,0.000,0.000,0.000,0.000,0.000,0.000,0.000,0.000,0.000,0.000,0.000,0.000,0.000,0.000,0.000,0.990
(5/20),0.000,0.000,0.000,0.000,0.000,0.000,0.000,0.000,0.000,0.000,0.000,0.000,0.000,0.000,0.000,0.000,0.000,0.000,0.000,0.000,0.001,0.001,0.001,0.002,0.003,0.005,0.008,0.011,0.017,0.023,0.035,0.046,0.069,0.085,0.119,0.133,0.166,0.144,0.131,0.001
(5/19),0.000,0.000,0.000,0.000,0.000,0.000,0.000,0.000,0.000,0.000,0.000,0.000,0.000,0.000,0.000,0.000,0.000,0.001,0.000,0.000,0.001,0.001,0.002,0.003,0.005,0.008,0.011,0.017,0.023,0.035,0.046,0.069,0.085,0.119,0.133,0.166,0.144,0.131,0.000,0.001
(5/18),0.000,0.000,0.000,0.000,0.000,0.000,0.000,0.000,0.000,0.000,0.000,0.000,0.000,0.000,0.000,0.000,0.001,0.001,0.000,0.001,0.001,0.002,0.003,0.005,0.008,0.011,0.017,0.023,0.035,0.046,0.069,0.085,0.119,0.133,0.166,0.144,0.131,0.000,0.000,0.002
(5/17),0.000,0.000,0.000,0.000,0.000,0.000,0.000,0.000,0.000,0.000,0.000,0.000,0.000,0.000,0.000,0.000,0.001,0.001,0.001,0.001,0.002,0.003,0.005,0.008,0.011,0.017,0.023,0.035,0.046,0.069,0.085,0.119,0.133,0.166,0.144,0.131,0.000,0.000,0.000,0.003
(5/16),0.000,0.000,0.000,0.000,0.000,0.000,0.000,0.000,0.000,0.000,0.000,0.000,0.000,0.000,0.000,0.000,0.002,0.002,0.001,0.001,0.003,0.005,0.008,0.011,0.017,0.023,0.035,0.046,0.069,0.085,0.119,0.133,0.166,0.144,0.131,0.000,0.000,0.000,0.000,0.005
(5/15),0.000,0.000,0.000,0.000,0.000,0.000,0.000,0.000,0.000,0.000,0.000,0.000,0.000,0.000,0.000,0.001,0.003,0.003,0.002,0.002,0.005,0.008,0.011,0.017,0.023,0.035,0.046,0.069,0.085,0.119,0.133,0.166,0.144,0.131,0.000,0.000,0.000,0.000,0.000,0.007
(5/14),0.000,0.000,0.000,0.000,0.000,0.000,0.000,0.000,0.000,0.000,0.000,0.000,0.000,0.000,0.000,0.001,0.004,0.004,0.002,0.003,0.008,0.011,0.017,0.023,0.035,0.046,0.069,0.085,0.119,0.133,0.166,0.144,0.131,0.000,0.000,0.000,0.000,0.000,0.000,0.011
(5/13),0.000,0.000,0.000,0.000,0.000,0.000,0.000,0.000,0.000,0.000,0.000,0.000,0.000,0.000,0.000,0.002,0.006,0.006,0.003,0.005,0.011,0.017,0.023,0.035,0.046,0.069,0.085,0.119,0.133,0.166,0.144,0.131,0.000,0.000,0.000,0.000,0.000,0.000,0.000,0.017
(5/12),0.000,0.000,0.000,0.000,0.000,0.000,0.000,0.000,0.000,0.000,0.000,0.000,0.000,0.000,0.000,0.003,0.009,0.008,0.005,0.007,0.017,0.023,0.035,0.046,0.069,0.085,0.119,0.133,0.166,0.144,0.131,0.000,0.000,0.000,0.000,0.000,0.000,0.000,0.000,0.026
(5/11),0.000,0.000,0.000,0.000,0.000,0.000,0.000,0.000,0.000,0.000,0.000,0.000,0.000,0.000,0.000,0.005,0.013,0.014,0.007,0.010,0.023,0.035,0.046,0.069,0.085,0.119,0.133,0.166,0.144,0.131,0.000,0.000,0.000,0.000,0.000,0.000,0.000,0.000,0.000,0.039
(5/10),0.000,0.000,0.000,0.000,0.000,0.000,0.000,0.000,0.000,0.000,0.000,0.000,0.000,0.000,0.000,0.007,0.021,0.018,0.011,0.015,0.035,0.046,0.069,0.085,0.119,0.133,0.166,0.144,0.131,0.000,0.000,0.000,0.000,0.000,0.000,0.000,0.000,0.000,0.000,0.057
(5/9),0.000,0.000,0.000,0.000,0.000,0.000,0.000,0.000,0.000,0.000,0.000,0.000,0.000,0.000,0.000,0.013,0.030,0.028,0.015,0.021,0.046,0.069,0.085,0.119,0.133,0.166,0.144,0.131,0.000,0.000,0.000,0.000,0.000,0.000,0.000,0.000,0.000,0.000,0.000,0.086
(5/8),0.000,0.000,0.000,0.000,0.000,0.000,0.000,0.000,0.000,0.000,0.000,0.000,0.000,0.000,0.000,0.019,0.045,0.037,0.021,0.030,0.069,0.085,0.119,0.133,0.166,0.144,0.131,0.000,0.000,0.000,0.000,0.000,0.000,0.000,0.000,0.000,0.000,0.000,0.000,0.123
(5/7),0.000,0.000,0.000,0.000,0.000,0.000,0.000,0.000,0.000,0.000,0.000,0.000,0.000,0.000,0.000,0.034,0.063,0.055,0.029,0.040,0.085,0.119,0.133,0.166,0.144,0.131,0.000,0.000,0.000,0.000,0.000,0.000,0.000,0.000,0.000,0.000,0.000,0.000,0.000,0.181
(5/6),0.000,0.000,0.000,0.000,0.000,0.000,0.000,0.000,0.000,0.000,0.000,0.000,0.000,0.000,0.000,0.051,0.092,0.071,0.039,0.054,0.119,0.133,0.166,0.144,0.131,0.000,0.000,0.000,0.000,0.000,0.000,0.000,0.000,0.000,0.000,0.000,0.000,0.000,0.000,0.253
(5/5),0.000,0.000,0.000,0.000,0.000,0.000,0.000,0.000,0.000,0.000,0.000,0.000,0.000,0.000,0.000,0.091,0.124,0.096,0.048,0.067,0.133,0.166,0.144,0.131,0.000,0.000,0.000,0.000,0.000,0.000,0.000,0.000,0.000,0.000,0.000,0.000,0.000,0.000,0.000,0.359
(5/4),0.000,0.000,0.000,0.000,0.000,0.000,0.000,0.000,0.000,0.000,0.000,0.000,0.000,0.000,0.000,0.138,0.165,0.115,0.059,0.083,0.166,0.144,0.131,0.000,0.000,0.000,0.000,0.000,0.000,0.000,0.000,0.000,0.000,0.000,0.000,0.000,0.000,0.000,0.000,0.477
(5/3),0.000,0.000,0.000,0.000,0.000,0.000,0.000,0.000,0.000,0.000,0.000,0.000,0.000,0.000,0.000,0.245,0.208,0.129,0.060,0.083,0.144,0.131,0.000,0.000,0.000,0.000,0.000,0.000,0.000,0.000,0.000,0.000,0.000,0.000,0.000,0.000,0.000,0.000,0.000,0.642
(5/2),0.000,0.000,0.000,0.000,0.000,0.000,0.000,0.000,0.000,0.000,0.000,0.000,0.000,0.000,0.000,0.372,0.222,0.133,0.060,0.083,0.131,0.000,0.000,0.000,0.000,0.000,0.000,0.000,0.000,0.000,0.000,0.000,0.000,0.000,0.000,0.000,0.000,0.000,0.000,0.785
(5/1),0.000,0.000,0.000,0.000,0.000,0.000,0.000,0.000,0.000,0.000,0.000,0.000,0.000,0.000,0.000,0.660,0.224,0.067,0.020,0.028,0.000,0.000,0.000,0.000,0.000,0.000,0.000,0.000,0.000,0.000,0.000,0.000,0.000,0.000,0.000,0.000,0.000,0.000,0.000,0.972
(4/20),0.000,0.000,0.000,0.000,0.000,0.000,0.000,0.000,0.000,0.000,0.000,0.000,0.000,0.000,0.000,0.000,0.000,0.000,0.000,0.000,0.000,0.000,0.000,0.001,0.001,0.002,0.002,0.004,0.006,0.011,0.016,0.027,0.039,0.064,0.090,0.135,0.176,0.206,0.218,0.000
(4/19),0.000,0.000,0.000,0.000,0.000,0.000,0.000,0.000,0.000,0.000,0.000,0.000,0.000,0.000,0.000,0.000,0.000,0.000,0.000,0.000,0.000,0.000,0.001,0.001,0.002,0.002,0.004,0.006,0.011,0.016,0.027,0.039,0.064,0.090,0.135,0.176,0.206,0.218,0.000,0.000
(4/18),0.000,0.000,0.000,0.000,0.000,0.000,0.000,0.000,0.000,0.000,0.000,0.000,0.000,0.000,0.000,0.000,0.000,0.000,0.000,0.000,0.000,0.001,0.001,0.002,0.002,0.004,0.006,0.011,0.016,0.027,0.039,0.064,0.090,0.135,0.176,0.206,0.218,0.000,0.000,0.000
(4/17),0.000,0.000,0.000,0.000,0.000,0.000,0.000,0.000,0.000,0.000,0.000,0.000,0.000,0.000,0.000,0.000,0.000,0.000,0.000,0.000,0.001,0.001,0.002,0.002,0.004,0.006,0.011,0.016,0.027,0.039,0.064,0.090,0.135,0.176,0.206,0.218,0.000,0.000,0.000,0.001
(4/16),0.000,0.000,0.000,0.000,0.000,0.000,0.000,0.000,0.000,0.000,0.000,0.000,0.000,0.000,0.000,0.000,0.000,0.000,0.000,0.000,0.001,0.002,0.002,0.004,0.006,0.011,0.016,0.027,0.039,0.064,0.090,0.135,0.176,0.206,0.218,0.000,0.000,0.000,0.000,0.001
(4/15),0.000,0.000,0.000,0.000,0.000,0.000,0.000,0.000,0.000,0.000,0.000,0.000,0.000,0.000,0.000,0.000,0.001,0.001,0.000,0.001,0.002,0.002,0.004,0.006,0.011,0.016,0.027,0.039,0.064,0.090,0.135,0.176,0.206,0.218,0.000,0.000,0.000,0.000,0.000,0.002
(4/14),0.000,0.000,0.000,0.000,0.000,0.000,0.000,0.000,0.000,0.000,0.000,0.000,0.000,0.000,0.000,0.000,0.001,0.001,0.001,0.001,0.002,0.004,0.006,0.011,0.016,0.027,0.039,0.064,0.090,0.135,0.176,0.206,0.218,0.000,0.000,0.000,0.000,0.000,0.000,0.003
(4/13),0.000,0.000,0.000,0.000,0.000,0.000,0.000,0.000,0.000,0.000,0.000,0.000,0.000,0.000,0.000,0.000,0.002,0.002,0.001,0.002,0.004,0.006,0.011,0.016,0.027,0.039,0.064,0.090,0.135,0.176,0.206,0.218,0.000,0.000,0.000,0.000,0.000,0.000,0.000,0.005
(4/12),0.000,0.000,0.000,0.000,0.000,0.000,0.000,0.000,0.000,0.000,0.000,0.000,0.000,0.000,0.000,0.000,0.003,0.003,0.002,0.003,0.006,0.011,0.016,0.027,0.039,0.064,0.090,0.135,0.176,0.206,0.218,0.000,0.000,0.000,0.000,0.000,0.000,0.000,0.000,0.008
(4/11),0.000,0.000,0.000,0.000,0.000,0.000,0.000,0.000,0.000,0.000,0.000,0.000,0.000,0.000,0.000,0.000,0.005,0.005,0.003,0.004,0.011,0.016,0.027,0.039,0.064,0.090,0.135,0.176,0.206,0.218,0.000,0.000,0.000,0.000,0.000,0.000,0.000,0.000,0.000,0.013
(4/10),0.000,0.000,0.000,0.000,0.000,0.000,0.000,0.000,0.000,0.000,0.000,0.000,0.000,0.000,0.000,0.000,0.007,0.009,0.005,0.007,0.016,0.027,0.039,0.064,0.090,0.135,0.176,0.206,0.218,0.000,0.000,0.000,0.000,0.000,0.000,0.000,0.000,0.000,0.000,0.021
(4/9),0.000,0.000,0.000,0.000,0.000,0.000,0.000,0.000,0.000,0.000,0.000,0.000,0.000,0.000,0.000,0.000,0.013,0.012,0.008,0.011,0.027,0.039,0.064,0.090,0.135,0.176,0.206,0.218,0.000,0.000,0.000,0.000,0.000,0.000,0.000,0.000,0.000,0.000,0.000,0.033
(4/8),0.000,0.000,0.000,0.000,0.000,0.000,0.000,0.000,0.000,0.000,0.000,0.000,0.000,0.000,0.000,0.000,0.019,0.022,0.012,0.017,0.039,0.064,0.090,0.135,0.176,0.206,0.218,0.000,0.000,0.000,0.000,0.000,0.000,0.000,0.000,0.000,0.000,0.000,0.000,0.054
(4/7),0.000,0.000,0.000,0.000,0.000,0.000,0.000,0.000,0.000,0.000,0.000,0.000,0.000,0.000,0.000,0.000,0.034,0.031,0.019,0.026,0.064,0.090,0.135,0.176,0.206,0.218,0.000,0.000,0.000,0.000,0.000,0.000,0.000,0.000,0.000,0.000,0.000,0.000,0.000,0.084
(4/6),0.000,0.000,0.000,0.000,0.000,0.000,0.000,0.000,0.000,0.000,0.000,0.000,0.000,0.000,0.000,0.000,0.051,0.053,0.029,0.041,0.090,0.135,0.176,0.206,0.218,0.000,0.000,0.000,0.000,0.000,0.000,0.000,0.000,0.000,0.000,0.000,0.000,0.000,0.000,0.134
(4/5),0.000,0.000,0.000,0.000,0.000,0.000,0.000,0.000,0.000,0.000,0.000,0.000,0.000,0.000,0.000,0.000,0.091,0.073,0.042,0.059,0.135,0.176,0.206,0.218,0.000,0.000,0.000,0.000,0.000,0.000,0.000,0.000,0.000,0.000,0.000,0.000,0.000,0.000,0.000,0.206
(4/4),0.000,0.000,0.000,0.000,0.000,0.000,0.000,0.000,0.000,0.000,0.000,0.000,0.000,0.000,0.000,0.000,0.138,0.116,0.060,0.085,0.176,0.206,0.218,0.000,0.000,0.000,0.000,0.000,0.000,0.000,0.000,0.000,0.000,0.000,0.000,0.000,0.000,0.000,0.000,0.315
(4/3),0.000,0.000,0.000,0.000,0.000,0.000,0.000,0.000,0.000,0.000,0.000,0.000,0.000,0.000,0.000,0.000,0.245,0.150,0.075,0.106,0.206,0.218,0.000,0.000,0.000,0.000,0.000,0.000,0.000,0.000,0.000,0.000,0.000,0.000,0.000,0.000,0.000,0.000,0.000,0.470
(4/2),0.000,0.000,0.000,0.000,0.000,0.000,0.000,0.000,0.000,0.000,0.000,0.000,0.000,0.000,0.000,0.000,0.372,0.194,0.090,0.126,0.218,0.000,0.000,0.000,0.000,0.000,0.000,0.000,0.000,0.000,0.000,0.000,0.000,0.000,0.000,0.000,0.000,0.000,0.000,0.656
(4/1),0.000,0.000,0.000,0.000,0.000,0.000,0.000,0.000,0.000,0.000,0.000,0.000,0.000,0.000,0.000,0.000,0.660,0.197,0.060,0.084,0.000,0.000,0.000,0.000,0.000,0.000,0.000,0.000,0.000,0.000,0.000,0.000,0.000,0.000,0.000,0.000,0.000,0.000,0.000,0.916
(3/20),0.000,0.000,0.000,0.000,0.000,0.000,0.000,0.000,0.000,0.000,0.000,0.000,0.000,0.000,0.000,0.000,0.000,0.000,0.000,0.000,0.000,0.000,0.000,0.000,0.000,0.000,0.000,0.000,0.001,0.001,0.002,0.004,0.010,0.017,0.041,0.071,0.164,0.242,0.448,0.000
(3/19),0.000,0.000,0.000,0.000,0.000,0.000,0.000,0.000,0.000,0.000,0.000,0.000,0.000,0.000,0.000,0.000,0.000,0.000,0.000,0.000,0.000,0.000,0.000,0.000,0.000,0.000,0.000,0.001,0.001,0.002,0.004,0.010,0.017,0.041,0.071,0.164,0.242,0.448,0.000,0.000
(3/18),0.000,0.000,0.000,0.000,0.000,0.000,0.000,0.000,0.000,0.000,0.000,0.000,0.000,0.000,0.000,0.000,0.000,0.000,0.000,0.000,0.000,0.000,0.000,0.000,0.000,0.000,0.001,0.001,0.002,0.004,0.010,0.017,0.041,0.071,0.164,0.242,0.448,0.000,0.000,0.000
(3/17),0.000,0.000,0.000,0.000,0.000,0.000,0.000,0.000,0.000,0.000,0.000,0.000,0.000,0.000,0.000,0.000,0.000,0.000,0.000,0.000,0.000,0.000,0.000,0.000,0.000,0.001,0.001,0.002,0.004,0.010,0.017,0.041,0.071,0.164,0.242,0.448,0.000,0.000,0.000,0.000
(3/16),0.000,0.000,0.000,0.000,0.000,0.000,0.000,0.000,0.000,0.000,0.000,0.000,0.000,0.000,0.000,0.000,0.000,0.000,0.000,0.000,0.000,0.000,0.000,0.000,0.001,0.001,0.002,0.004,0.010,0.017,0.041,0.071,0.164,0.242,0.448,0.000,0.000,0.000,0.000,0.000
(3/15),0.000,0.000,0.000,0.000,0.000,0.000,0.000,0.000,0.000,0.000,0.000,0.000,0.000,0.000,0.000,0.000,0.000,0.000,0.000,0.000,0.000,0.000,0.000,0.001,0.001,0.002,0.004,0.010,0.017,0.041,0.071,0.164,0.242,0.448,0.000,0.000,0.000,0.000,0.000,0.000
(3/14),0.000,0.000,0.000,0.000,0.000,0.000,0.000,0.000,0.000,0.000,0.000,0.000,0.000,0.000,0.000,0.000,0.000,0.000,0.000,0.000,0.000,0.000,0.001,0.001,0.002,0.004,0.010,0.017,0.041,0.071,0.164,0.242,0.448,0.000,0.000,0.000,0.000,0.000,0.000,0.000
(3/13),0.000,0.000,0.000,0.000,0.000,0.000,0.000,0.000,0.000,0.000,0.000,0.000,0.000,0.000,0.000,0.000,0.000,0.000,0.000,0.000,0.000,0.001,0.001,0.002,0.004,0.010,0.017,0.041,0.071,0.164,0.242,0.448,0.000,0.000,0.000,0.000,0.000,0.000,0.000,0.000
(3/12),0.000,0.000,0.000,0.000,0.000,0.000,0.000,0.000,0.000,0.000,0.000,0.000,0.000,0.000,0.000,0.000,0.000,0.000,0.000,0.000,0.001,0.001,0.002,0.004,0.010,0.017,0.041,0.071,0.164,0.242,0.448,0.000,0.000,0.000,0.000,0.000,0.000,0.000,0.000,0.000
(3/11),0.000,0.000,0.000,0.000,0.000,0.000,0.000,0.000,0.000,0.000,0.000,0.000,0.000,0.000,0.000,0.000,0.000,0.000,0.000,0.000,0.001,0.002,0.004,0.010,0.017,0.041,0.071,0.164,0.242,0.448,0.000,0.000,0.000,0.000,0.000,0.000,0.000,0.000,0.000,0.001
(3/10),0.000,0.000,0.000,0.000,0.000,0.000,0.000,0.000,0.000,0.000,0.000,0.000,0.000,0.000,0.000,0.000,0.000,0.001,0.001,0.001,0.002,0.004,0.010,0.017,0.041,0.071,0.164,0.242,0.448,0.000,0.000,0.000,0.000,0.000,0.000,0.000,0.000,0.000,0.000,0.001
(3/9),0.000,0.000,0.000,0.000,0.000,0.000,0.000,0.000,0.000,0.000,0.000,0.000,0.000,0.000,0.000,0.000,0.000,0.002,0.001,0.001,0.004,0.010,0.017,0.041,0.071,0.164,0.242,0.448,0.000,0.000,0.000,0.000,0.000,0.000,0.000,0.000,0.000,0.000,0.000,0.003
(3/8),0.000,0.000,0.000,0.000,0.000,0.000,0.000,0.000,0.000,0.000,0.000,0.000,0.000,0.000,0.000,0.000,0.000,0.003,0.002,0.003,0.010,0.017,0.041,0.071,0.164,0.242,0.448,0.000,0.000,0.000,0.000,0.000,0.000,0.000,0.000,0.000,0.000,0.000,0.000,0.005
(3/7),0.000,0.000,0.000,0.000,0.000,0.000,0.000,0.000,0.000,0.000,0.000,0.000,0.000,0.000,0.000,0.000,0.000,0.007,0.005,0.006,0.017,0.041,0.071,0.164,0.242,0.448,0.000,0.000,0.000,0.000,0.000,0.000,0.000,0.000,0.000,0.000,0.000,0.000,0.000,0.011
(3/6),0.000,0.000,0.000,0.000,0.000,0.000,0.000,0.000,0.000,0.000,0.000,0.000,0.000,0.000,0.000,0.000,0.000,0.012,0.010,0.013,0.041,0.071,0.164,0.242,0.448,0.000,0.000,0.000,0.000,0.000,0.000,0.000,0.000,0.000,0.000,0.000,0.000,0.000,0.000,0.021
(3/5),0.000,0.000,0.000,0.000,0.000,0.000,0.000,0.000,0.000,0.000,0.000,0.000,0.000,0.000,0.000,0.000,0.000,0.030,0.019,0.027,0.071,0.164,0.242,0.448,0.000,0.000,0.000,0.000,0.000,0.000,0.000,0.000,0.000,0.000,0.000,0.000,0.000,0.000,0.000,0.049
(3/4),0.000,0.000,0.000,0.000,0.000,0.000,0.000,0.000,0.000,0.000,0.000,0.000,0.000,0.000,0.000,0.000,0.000,0.052,0.039,0.055,0.164,0.242,0.448,0.000,0.000,0.000,0.000,0.000,0.000,0.000,0.000,0.000,0.000,0.000,0.000,0.000,0.000,0.000,0.000,0.091
(3/3),0.000,0.000,0.000,0.000,0.000,0.000,0.000,0.000,0.000,0.000,0.000,0.000,0.000,0.000,0.000,0.000,0.000,0.132,0.074,0.104,0.242,0.448,0.000,0.000,0.000,0.000,0.000,0.000,0.000,0.000,0.000,0.000,0.000,0.000,0.000,0.000,0.000,0.000,0.000,0.206
(3/2),0.000,0.000,0.000,0.000,0.000,0.000,0.000,0.000,0.000,0.000,0.000,0.000,0.000,0.000,0.000,0.000,0.000,0.228,0.135,0.189,0.448,0.000,0.000,0.000,0.000,0.000,0.000,0.000,0.000,0.000,0.000,0.000,0.000,0.000,0.000,0.000,0.000,0.000,0.000,0.363
(3/1),0.000,0.000,0.000,0.000,0.000,0.000,0.000,0.000,0.000,0.000,0.000,0.000,0.000,0.000,0.000,0.000,0.000,0.579,0.176,0.246,0.000,0.000,0.000,0.000,0.000,0.000,0.000,0.000,0.000,0.000,0.000,0.000,0.000,0.000,0.000,0.000,0.000,0.000,0.000,0.754
(2/20),0.000,0.000,0.000,0.000,0.000,0.000,0.000,0.000,0.000,0.000,0.000,0.000,0.000,0.000,0.000,0.000,0.000,0.000,0.000,0.000,0.000,0.000,0.000,0.000,0.000,0.000,0.000,0.000,0.000,0.000,0.000,0.000,0.000,0.001,0.003,0.012,0.048,0.190,0.745,0.000
(2/19),0.000,0.000,0.000,0.000,0.000,0.000,0.000,0.000,0.000,0.000,0.000,0.000,0.000,0.000,0.000,0.000,0.000,0.000,0.000,0.000,0.000,0.000,0.000,0.000,0.000,0.000,0.000,0.000,0.000,0.000,0.000,0.000,0.001,0.003,0.012,0.048,0.190,0.745,0.000,0.000
(2/18),0.000,0.000,0.000,0.000,0.000,0.000,0.000,0.000,0.000,0.000,0.000,0.000,0.000,0.000,0.000,0.000,0.000,0.000,0.000,0.000,0.000,0.000,0.000,0.000,0.000,0.000,0.000,0.000,0.000,0.000,0.000,0.001,0.003,0.012,0.048,0.190,0.745,0.000,0.000,0.000
(2/17),0.000,0.000,0.000,0.000,0.000,0.000,0.000,0.000,0.000,0.000,0.000,0.000,0.000,0.000,0.000,0.000,0.000,0.000,0.000,0.000,0.000,0.000,0.000,0.000,0.000,0.000,0.000,0.000,0.000,0.000,0.001,0.003,0.012,0.048,0.190,0.745,0.000,0.000,0.000,0.000
(2/16),0.000,0.000,0.000,0.000,0.000,0.000,0.000,0.000,0.000,0.000,0.000,0.000,0.000,0.000,0.000,0.000,0.000,0.000,0.000,0.000,0.000,0.000,0.000,0.000,0.000,0.000,0.000,0.000,0.000,0.001,0.003,0.012,0.048,0.190,0.745,0.000,0.000,0.000,0.000,0.000
(2/15),0.000,0.000,0.000,0.000,0.000,0.000,0.000,0.000,0.000,0.000,0.000,0.000,0.000,0.000,0.000,0.000,0.000,0.000,0.000,0.000,0.000,0.000,0.000,0.000,0.000,0.000,0.000,0.000,0.001,0.003,0.012,0.048,0.190,0.745,0.000,0.000,0.000,0.000,0.000,0.000
(2/14),0.000,0.000,0.000,0.000,0.000,0.000,0.000,0.000,0.000,0.000,0.000,0.000,0.000,0.000,0.000,0.000,0.000,0.000,0.000,0.000,0.000,0.000,0.000,0.000,0.000,0.000,0.000,0.001,0.003,0.012,0.048,0.190,0.745,0.000,0.000,0.000,0.000,0.000,0.000,0.000
(2/13),0.000,0.000,0.000,0.000,0.000,0.000,0.000,0.000,0.000,0.000,0.000,0.000,0.000,0.000,0.000,0.000,0.000,0.000,0.000,0.000,0.000,0.000,0.000,0.000,0.000,0.000,0.001,0.003,0.012,0.048,0.190,0.745,0.000,0.000,0.000,0.000,0.000,0.000,0.000,0.000
(2/12),0.000,0.000,0.000,0.000,0.000,0.000,0.000,0.000,0.000,0.000,0.000,0.000,0.000,0.000,0.000,0.000,0.000,0.000,0.000,0.000,0.000,0.000,0.000,0.000,0.000,0.001,0.003,0.012,0.048,0.190,0.745,0.000,0.000,0.000,0.000,0.000,0.000,0.000,0.000,0.000
(2/11),0.000,0.000,0.000,0.000,0.000,0.000,0.000,0.000,0.000,0.000,0.000,0.000,0.000,0.000,0.000,0.000,0.000,0.000,0.000,0.000,0.000,0.000,0.000,0.000,0.001,0.003,0.012,0.048,0.190,0.745,0.000,0.000,0.000,0.000,0.000,0.000,0.000,0.000,0.000,0.000
(2/10),0.000,0.000,0.000,0.000,0.000,0.000,0.000,0.000,0.000,0.000,0.000,0.000,0.000,0.000,0.000,0.000,0.000,0.000,0.000,0.000,0.000,0.000,0.000,0.001,0.003,0.012,0.048,0.190,0.745,0.000,0.000,0.000,0.000,0.000,0.000,0.000,0.000,0.000,0.000,0.000
(2/9),0.000,0.000,0.000,0.000,0.000,0.000,0.000,0.000,0.000,0.000,0.000,0.000,0.000,0.000,0.000,0.000,0.000,0.000,0.000,0.000,0.000,0.000,0.001,0.003,0.012,0.048,0.190,0.745,0.000,0.000,0.000,0.000,0.000,0.000,0.000,0.000,0.000,0.000,0.000,0.000
(2/8),0.000,0.000,0.000,0.000,0.000,0.000,0.000,0.000,0.000,0.000,0.000,0.000,0.000,0.000,0.000,0.000,0.000,0.000,0.000,0.000,0.000,0.001,0.003,0.012,0.048,0.190,0.745,0.000,0.000,0.000,0.000,0.000,0.000,0.000,0.000,0.000,0.000,0.000,0.000,0.000
(2/7),0.000,0.000,0.000,0.000,0.000,0.000,0.000,0.000,0.000,0.000,0.000,0.000,0.000,0.000,0.000,0.000,0.000,0.000,0.000,0.000,0.001,0.003,0.012,0.048,0.190,0.745,0.000,0.000,0.000,0.000,0.000,0.000,0.000,0.000,0.000,0.000,0.000,0.000,0.000,0.000
(2/6),0.000,0.000,0.000,0.000,0.000,0.000,0.000,0.000,0.000,0.000,0.000,0.000,0.000,0.000,0.000,0.000,0.000,0.000,0.000,0.001,0.003,0.012,0.048,0.190,0.745,0.000,0.000,0.000,0.000,0.000,0.000,0.000,0.000,0.000,0.000,0.000,0.000,0.000,0.000,0.000
(2/5),0.000,0.000,0.000,0.000,0.000,0.000,0.000,0.000,0.000,0.000,0.000,0.000,0.000,0.000,0.000,0.000,0.000,0.000,0.002,0.002,0.012,0.048,0.190,0.745,0.000,0.000,0.000,0.000,0.000,0.000,0.000,0.000,0.000,0.000,0.000,0.000,0.000,0.000,0.000,0.002
(2/4),0.000,0.000,0.000,0.000,0.000,0.000,0.000,0.000,0.000,0.000,0.000,0.000,0.000,0.000,0.000,0.000,0.000,0.000,0.007,0.010,0.048,0.190,0.745,0.000,0.000,0.000,0.000,0.000,0.000,0.000,0.000,0.000,0.000,0.000,0.000,0.000,0.000,0.000,0.000,0.007
(2/3),0.000,0.000,0.000,0.000,0.000,0.000,0.000,0.000,0.000,0.000,0.000,0.000,0.000,0.000,0.000,0.000,0.000,0.000,0.027,0.038,0.190,0.745,0.000,0.000,0.000,0.000,0.000,0.000,0.000,0.000,0.000,0.000,0.000,0.000,0.000,0.000,0.000,0.000,0.000,0.027
(2/2),0.000,0.000,0.000,0.000,0.000,0.000,0.000,0.000,0.000,0.000,0.000,0.000,0.000,0.000,0.000,0.000,0.000,0.000,0.106,0.149,0.745,0.000,0.000,0.000,0.000,0.000,0.000,0.000,0.000,0.000,0.000,0.000,0.000,0.000,0.000,0.000,0.000,0.000,0.000,0.106
(2/1),0.000,0.000,0.000,0.000,0.000,0.000,0.000,0.000,0.000,0.000,0.000,0.000,0.000,0.000,0.000,0.000,0.000,0.000,0.417,0.583,0.000,0.000,0.000,0.000,0.000,0.000,0.000,0.000,0.000,0.000,0.000,0.000,0.000,0.000,0.000,0.000,0.000,0.000,0.000,0.417
